"Track URI","Track Name","Artist URI(s)","Artist Name(s)","Album URI","Album Name","Album Artist URI(s)","Album Artist Name(s)","Album Release Date","Album Image URL","Disc Number","Track Number","Track Duration (ms)","Track Preview URL","Explicit","Popularity","ISRC","Added By","Added At"
"spotify:track:39LLxExYz6ewLAcYrzQQyP","Levitating","spotify:artist:6M2wZ9GZgrQXHCFfjv46we","Dua Lipa","spotify:album:7fJJK56U9fHixgO0HQkhtI","Future Nostalgia","spotify:artist:6M2wZ9GZgrQXHCFfjv46we","Dua Lipa","2020-03-27","https://i.scdn.co/image/ab67616d0000b273c88bae7846e62a8ba59ee0bd","1","5","203807","https://p.scdn.co/mp3-preview/a0e86dd9b06f44569f6dc159a889579dc5b279ba?cid=9950ac751e34487dbbe027c4fd7f8e99","false","82","GBAHT1901299","spotify:user:31gkiwlwrhrkyha5xza67tm75kye","2026-04-13T17:53:51Z"
"spotify:track:5rAUZy2eDdegBxUVYxePK2","In The End - Mellen Gi Remix","spotify:artist:73jlPRxT7z5xk29sMqFDjU, spotify:artist:647D92XNDYTUt5A0idePJ4, spotify:artist:6Hpe3EZqFMWYtJ61D0GjSa","Tommee Profitt, Fleurie, Mellen Gi","spotify:album:4ogDiddFmcxnT4PC9lVEoV","In The End","spotify:artist:73jlPRxT7z5xk29sMqFDjU","Tommee Profitt","2019-03-22","https://i.scdn.co/image/ab67616d0000b27346557fdc7325844aa2177155","1","2","218188","","false","71","USUG11802944","spotify:user:31gkiwlwrhrkyha5xza67tm75kye","2026-04-13T17:53:51Z"
"spotify:track:2gQPv5jvVPqU2a9HhMNO1v","Toxic","spotify:artist:1Cd373x8qzC7SNUg5IToqp","BoyWithUke","spotify:album:4cmu24lnj0NI8lHG6vra6h","Toxic","spotify:artist:1Cd373x8qzC7SNUg5IToqp","BoyWithUke","2021-10-29","https://i.scdn.co/image/ab67616d0000b27382a18aa0d3374049c6b78f6a","1","1","168020","","false","64","TCAFS2101442","spotify:user:31gkiwlwrhrkyha5xza67tm75kye","2026-04-13T17:53:51Z"
"spotify:track:3Ofmpyhv5UAQ70mENzB277","Astronaut In The Ocean","spotify:artist:1uU7g3DNSbsu0QjSEqZtEd","Masked Wolf","spotify:album:7vus4Q8r5DS2Dl1JClxEsA","Astronaut In The Ocean","spotify:artist:1uU7g3DNSbsu0QjSEqZtEd","Masked Wolf","2021-01-06","https://i.scdn.co/image/ab67616d0000b27397fdd7cf1b14d78c6a7fb17f","1","1","132780","https://p.scdn.co/mp3-preview/e89e477c2467c477031561ff801c055c5777de4f?cid=9950ac751e34487dbbe027c4fd7f8e99","true","72","USAT22100017","spotify:user:31gkiwlwrhrkyha5xza67tm75kye","2026-04-13T17:53:51Z"
"spotify:track:6VBhH7CyP56BXjp8VsDFPZ","Kesariya (From ""Brahmastra"")","spotify:artist:1wRPtKGflJrBx9BmLsSwlU, spotify:artist:4YRxDV8wJFPHPTeXepOstw, spotify:artist:2fMqTqiTxUDlmcOEPaQSsx","Pritam, Arijit Singh, Amitabh Bhattacharya","spotify:album:1HeX4SmCFW4EPHQDvHgrVS","Kesariya (From ""Brahmastra"")","spotify:artist:1wRPtKGflJrBx9BmLsSwlU, spotify:artist:4YRxDV8wJFPHPTeXepOstw, spotify:artist:2fMqTqiTxUDlmcOEPaQSsx","Pritam, Arijit Singh, Amitabh Bhattacharya","2022-07-17","https://i.scdn.co/image/ab67616d0000b273f9de0806dd65b1d5e15cefd1","1","1","268164","https://p.scdn.co/mp3-preview/9ca5c9b20f18ba3c8d08887c08c0d22b3f8699b1?cid=9950ac751e34487dbbe027c4fd7f8e99","false","72","INS172203702","spotify:user:31gkiwlwrhrkyha5xza67tm75kye","2026-04-13T17:53:51Z"
"spotify:track:4n7jnSxVLd8QioibtTDBDq","On My Way","spotify:artist:7vk5e3vY1uw9plTHJAMwjN, spotify:artist:74KM79TiuVKeVCqs8QtB0B, spotify:artist:329e4yvIujISKGKz1BZZbO","Alan Walker, Sabrina Carpenter, Farruko","spotify:album:1bcvtuHyO79DNAOOhHEkEm","On My Way","spotify:artist:7vk5e3vY1uw9plTHJAMwjN, spotify:artist:74KM79TiuVKeVCqs8QtB0B, spotify:artist:329e4yvIujISKGKz1BZZbO","Alan Walker, Sabrina Carpenter, Farruko","2019-03-21","https://i.scdn.co/image/ab67616d0000b273a2f5fd413729345c3cb33e9e","1","1","193797","https://p.scdn.co/mp3-preview/b0c998ed03d9fdbf9eebe4e3b5af7f49fb92a043?cid=9950ac751e34487dbbe027c4fd7f8e99","true","74","NOG841901010","spotify:user:31gkiwlwrhrkyha5xza67tm75kye","2026-04-13T17:53:51Z"
"spotify:track:0iTI5FTB9iEUtcMdx9YyZS","Stronger","spotify:artist:3OKg7YbOIatODzkRIbLJR4, spotify:artist:0vC48gyflgfcrP6f50V9R8, spotify:artist:4DTbdShHu2RPYEEMUp2XWV","TheFatRat, Slaydit, Anjulie","spotify:album:1sf6fIA9xywLBVsKbYz0sJ","Stronger","spotify:artist:3OKg7YbOIatODzkRIbLJR4, spotify:artist:0vC48gyflgfcrP6f50V9R8, spotify:artist:4DTbdShHu2RPYEEMUp2XWV","TheFatRat, Slaydit, Anjulie","2019-06-24","https://i.scdn.co/image/ab67616d0000b27370a71a630e82020b916a7b92","1","1","205500","https://p.scdn.co/mp3-preview/88e0d37e78a00a0d8fcc3a00eefe3e2294e96c91?cid=9950ac751e34487dbbe027c4fd7f8e99","false","64","CA6D21900181","spotify:user:31gkiwlwrhrkyha5xza67tm75kye","2026-04-13T17:53:51Z"
"spotify:track:18A7ha5BitZjmdHTCwXFbU","Cradles","spotify:artist:7gXb99Sf9nNmpNYeAgIQFG","Sub Urban","spotify:album:1WTTu8JvpNLQShwwO8o4L9","Cradles","spotify:artist:7gXb99Sf9nNmpNYeAgIQFG","Sub Urban","2019-01-04","https://i.scdn.co/image/ab67616d0000b273cec7c8ebb684882dbaf476f5","1","1","209829","https://p.scdn.co/mp3-preview/3395d2c5afd8d573a571ad952f4a1baac42556ba?cid=9950ac751e34487dbbe027c4fd7f8e99","false","2","GB2LD1800949","spotify:user:31gkiwlwrhrkyha5xza67tm75kye","2026-04-13T17:53:51Z"
"spotify:track:3XWBGyt7m2rZAjEj0awWnw","Sanam Re (From ""Sanam Re"")","spotify:artist:09UmIX92EUH9hAK4bxvHx6, spotify:artist:4YRxDV8wJFPHPTeXepOstw","Mithoon, Arijit Singh","spotify:album:5Wm1nhxZqx7i0Hp6ZBqe9T","Love Forever With Arijit Singh","spotify:artist:4YRxDV8wJFPHPTeXepOstw","Arijit Singh","2017-06-07","https://i.scdn.co/image/ab67616d0000b2737569cbe3695608074d9fd389","1","20","308714","https://p.scdn.co/mp3-preview/bfd6842edbf6b57af93848cbf1ed7b29b499a923?cid=9950ac751e34487dbbe027c4fd7f8e99","false","63","INS181502139","spotify:user:31gkiwlwrhrkyha5xza67tm75kye","2026-04-13T17:53:51Z"
"spotify:track:68EkhVWIeULhHxcbi1QhzK","World's Smallest Violin","spotify:artist:6s22t5Y3prQHyaHWUN1R1C","AJR","spotify:album:7rbdgYKz1DI4gXMWveqS5T","OK ORCHESTRA","spotify:artist:6s22t5Y3prQHyaHWUN1R1C","AJR","2021-03-26","https://i.scdn.co/image/ab67616d0000b2739f952acc9b243579f59bfdd3","1","11","180742","https://p.scdn.co/mp3-preview/66a23e8f1f37cda81294ddb5044c50ca3f7f2e1a?cid=9950ac751e34487dbbe027c4fd7f8e99","true","70","QMRSZ2003324","spotify:user:31gkiwlwrhrkyha5xza67tm75kye","2026-04-13T17:53:51Z"
"spotify:track:66G35AgNTBnGzxdRDPgqyx","Plevne","spotify:artist:0C8ghBg2hWBx6I81NeNoIp","CVRTOON","spotify:album:5nE5sX4TUU3oY55gGfYxkT","Plevne","spotify:artist:0C8ghBg2hWBx6I81NeNoIp","CVRTOON","2020-02-06","https://i.scdn.co/image/ab67616d0000b27316e95967855668698f0aa6b7","1","1","199240","https://p.scdn.co/mp3-preview/6c790f6dd980cf2869daa9f3b00b1ac087f95f00?cid=9950ac751e34487dbbe027c4fd7f8e99","false","52","TCAEQ2060772","spotify:user:31gkiwlwrhrkyha5xza67tm75kye","2026-04-13T17:53:51Z"
"spotify:track:2rOnSn2piaqLAlYjtfUBlY","Raataan Lambiyan (From ""Shershaah"")","spotify:artist:4f7KfxeHq9BiylGmyXepGt, spotify:artist:1tqysapcCh1lWEAc9dIFpa, spotify:artist:1sVmXkzX2ukc6QvasrDBES","Tanishk Bagchi, Jubin Nautiyal, Asees Kaur","spotify:album:2DKSZvMj7Da6rzNVPMgREj","Raataan Lambiyan (From ""Shershaah"")","spotify:artist:4f7KfxeHq9BiylGmyXepGt, spotify:artist:1tqysapcCh1lWEAc9dIFpa, spotify:artist:1sVmXkzX2ukc6QvasrDBES","Tanishk Bagchi, Jubin Nautiyal, Asees Kaur","2021-07-30","https://i.scdn.co/image/ab67616d0000b27374aa42b31ece2c10fe5a4b93","1","1","230292","https://p.scdn.co/mp3-preview/03f216fbae700fc00520304502d348048cec19e8?cid=9950ac751e34487dbbe027c4fd7f8e99","false","72","INS172102667","spotify:user:31gkiwlwrhrkyha5xza67tm75kye","2026-04-13T17:53:51Z"
"spotify:track:73K33p4Vyz9koXGqmL5eFs","Malang Sajna","spotify:artist:6WOdPJmexxFINcKMkP2jMG, spotify:artist:1E6arsXf5Fgsnv9YpSzjpE, spotify:artist:0m3D4grap8VFSzbJMqgNVk, spotify:artist:1SyKki7JI1AZNKwgNMkn25","Sachet Tandon, Parampara Tandon, Kumaar, Sachet-Parampara","spotify:album:7khRLZe8P6XcUoRgOa3nnf","Malang Sajna","spotify:artist:6WOdPJmexxFINcKMkP2jMG, spotify:artist:1E6arsXf5Fgsnv9YpSzjpE, spotify:artist:0m3D4grap8VFSzbJMqgNVk, spotify:artist:1SyKki7JI1AZNKwgNMkn25","Sachet Tandon, Parampara Tandon, Kumaar, Sachet-Parampara","2022-12-19","https://i.scdn.co/image/ab67616d0000b273b7db9426744019889da8a856","1","1","159108","https://p.scdn.co/mp3-preview/8cb92cdbc4fac8cda1bf4e91a627a5f864bba6f7?cid=9950ac751e34487dbbe027c4fd7f8e99","false","76","INS182203702","spotify:user:31gkiwlwrhrkyha5xza67tm75kye","2026-04-13T17:53:51Z"
"spotify:track:1feANd8EfcDP5UqSvbheM3","Bekhayali (From ""Kabir Singh"")","spotify:artist:6WOdPJmexxFINcKMkP2jMG, spotify:artist:1SyKki7JI1AZNKwgNMkn25","Sachet Tandon, Sachet-Parampara","spotify:album:5m5aIc0rrrPUMDARDnQzB9","Bekhayali (From ""Kabir Singh"")","spotify:artist:6WOdPJmexxFINcKMkP2jMG, spotify:artist:1SyKki7JI1AZNKwgNMkn25","Sachet Tandon, Sachet-Parampara","2019-05-24","https://i.scdn.co/image/ab67616d0000b27390d98409f70719daa0dc0421","1","1","371790","https://p.scdn.co/mp3-preview/bd81daa82f9ef99a27aa6be34325623f8ec8ccb4?cid=9950ac751e34487dbbe027c4fd7f8e99","false","74","INS181901739","spotify:user:31gkiwlwrhrkyha5xza67tm75kye","2026-04-13T17:53:51Z"
"spotify:track:46hzNOUOAlivuCZZ0wE3zi","Tere Vaaste (From ""Zara Hatke Zara Bachke"")","spotify:artist:4gzrZDyL5gYiROkv27pYKx, spotify:artist:1mBydYMVBECdDmMfE2sEUO, spotify:artist:6WixbETKEXH0xBf0OB9kRB, spotify:artist:38IHJBGBuaYXHEkIQd4DtF, spotify:artist:2fMqTqiTxUDlmcOEPaQSsx","Varun Jain, Sachin-Jigar, Shadab Faridi, Altamash Faridi, Amitabh Bhattacharya","spotify:album:4qOiFNt1NMuyLEY8fxigSd","Tere Vaaste (From ""Zara Hatke Zara Bachke"")","spotify:artist:4gzrZDyL5gYiROkv27pYKx, spotify:artist:1mBydYMVBECdDmMfE2sEUO, spotify:artist:2fMqTqiTxUDlmcOEPaQSsx","Varun Jain, Sachin-Jigar, Amitabh Bhattacharya","2023-05-22","https://i.scdn.co/image/ab67616d0000b273d4a76235197643b7d252dd5d","1","1","189136","https://p.scdn.co/mp3-preview/4520caab8b78238801524b9030816a6112e0ce75?cid=9950ac751e34487dbbe027c4fd7f8e99","false","63","INH102307782","spotify:user:31gkiwlwrhrkyha5xza67tm75kye","2026-04-13T17:53:51Z"
"spotify:track:0HqZX76SFLDz2aW8aiqi7G","Bones","spotify:artist:53XhwfbYqKCa1cC15pYq2q","Imagine Dragons","spotify:album:1Q9SnHWPNEjVM0LrBFvJ1q","Bones","spotify:artist:53XhwfbYqKCa1cC15pYq2q","Imagine Dragons","2022-03-11","https://i.scdn.co/image/ab67616d0000b273813713582dcc508e7d5073c4","1","1","165264","","false","77","USUM72201759","spotify:user:31gkiwlwrhrkyha5xza67tm75kye","2026-04-13T17:53:51Z"
"spotify:track:5vYmIS8xffohMHVOoRr828","İzmir Marşı","spotify:artist:0C8ghBg2hWBx6I81NeNoIp","CVRTOON","spotify:album:6TC7fWU1NDSnPfxjVGiMRq","İzmir Marşı","spotify:artist:0C8ghBg2hWBx6I81NeNoIp","CVRTOON","2019-06-16","https://i.scdn.co/image/ab67616d0000b27383cba71cab2f6897df3a92ef","1","1","259004","https://p.scdn.co/mp3-preview/0fb72ca873985973b2c4c9eef6fcfd03a6b2529a?cid=9950ac751e34487dbbe027c4fd7f8e99","false","0","TCAGX2376433","spotify:user:31gkiwlwrhrkyha5xza67tm75kye","2026-04-13T17:53:51Z"
"spotify:track:2GXXZFUxYg2LvG8SR0byOE","Jeena Jeena","spotify:artist:1mBydYMVBECdDmMfE2sEUO, spotify:artist:2oSONSC9zQ4UonDKnLqksx, spotify:artist:6q29t5RuXxlBuqIZsOMQss","Sachin-Jigar, Atif Aslam, Priya Saraiya","spotify:album:4ahg47diWPOQ6d6C8e6PHI","Badlapur (Original Motion Picture Soundtrack)","spotify:artist:1mBydYMVBECdDmMfE2sEUO, spotify:artist:6q29t5RuXxlBuqIZsOMQss","Sachin-Jigar, Priya Saraiya","2014-12-09","https://i.scdn.co/image/ab67616d0000b2734c74beed966d2f38aa298c57","1","2","228969","https://p.scdn.co/mp3-preview/83ff15debc89b5f652f0e2fd01fb2830957a055c?cid=9950ac751e34487dbbe027c4fd7f8e99","false","20","GBSGZ1500292","spotify:user:31gkiwlwrhrkyha5xza67tm75kye","2026-04-13T17:53:51Z"
"spotify:track:0M0ANKNzmM4Odd7FNKghzW","Akhiyaan Gulaab (From ""Teri Baaton Mein Aisa Uljha Jiya"")","spotify:artist:3iGhlvzpXc0UHBQ7klAItX","Mitraz","spotify:album:1VZDqgb1ALde0CFMIvEGNr","Akhiyaan Gulaab (From ""Teri Baaton Mein Aisa Uljha Jiya"")","spotify:artist:3iGhlvzpXc0UHBQ7klAItX","Mitraz","2024-01-19","https://i.scdn.co/image/ab67616d0000b27352e3a807b72281cb40c08092","1","1","171147","https://p.scdn.co/mp3-preview/ea00af6baa942154c1a3e3d55a196ac463c7754e?cid=9950ac751e34487dbbe027c4fd7f8e99","false","75","INS182400204","spotify:user:31gkiwlwrhrkyha5xza67tm75kye","2026-04-13T17:53:51Z"
"spotify:track:6E9UwSfT80age2xknoMS7Y","Tum Hi Aana (From ""Marjaavaan"")","spotify:artist:6FtZhorjCMfkaVJ7kKdmq7, spotify:artist:1tqysapcCh1lWEAc9dIFpa, spotify:artist:52XgeWw24o4klNdfwvB0Vx","Payal Dev, Jubin Nautiyal, Kunaal Vermaa","spotify:album:4T4pSf21EvGk9vFqMomFUs","Tum Hi Aana (From ""Marjaavaan"")","spotify:artist:6FtZhorjCMfkaVJ7kKdmq7, spotify:artist:1tqysapcCh1lWEAc9dIFpa, spotify:artist:52XgeWw24o4klNdfwvB0Vx","Payal Dev, Jubin Nautiyal, Kunaal Vermaa","2019-10-03","https://i.scdn.co/image/ab67616d0000b2736539071e0f1833190a491d4d","1","1","249126","https://p.scdn.co/mp3-preview/47bb2d8c3d2ae94176d3775f4a003ba610dffd86?cid=9950ac751e34487dbbe027c4fd7f8e99","false","72","INS181905004","spotify:user:31gkiwlwrhrkyha5xza67tm75kye","2026-04-13T17:53:51Z"
"spotify:track:3yV2c3cYhkAwSsxAq6nRiv","Mann Mera","spotify:artist:1yzgJmZf5CxtFfGfRFm4Si","Gajendra Verma","spotify:album:7Gws1vUsWltRs58x8QuYVQ","Table No. 21 (Original Motion Picture Soundtrack)","spotify:artist:1yzgJmZf5CxtFfGfRFm4Si, spotify:artist:34R6DQd8ErBy1xyOyMHFrq","Gajendra Verma, Sachin Gupta","2012-12-21","https://i.scdn.co/image/ab67616d0000b273f628e4136d9d0e2d8dff4fee","1","2","200120","https://p.scdn.co/mp3-preview/f54ab9b3634a1f9ade3551c2c2c5e027bbf1a560?cid=9950ac751e34487dbbe027c4fd7f8e99","false","22","GBSGZ1200069","spotify:user:31gkiwlwrhrkyha5xza67tm75kye","2026-04-13T17:53:51Z"
"spotify:track:37Z0JtMr9BBTpD1TPClCY3","Jee Karda - Rock Version","spotify:artist:1mBydYMVBECdDmMfE2sEUO, spotify:artist:0NErdIJtuKBjtxKmlqaWdj, spotify:artist:6q29t5RuXxlBuqIZsOMQss","Sachin-Jigar, Divya Kumar, Priya Saraiya","spotify:album:4ahg47diWPOQ6d6C8e6PHI","Badlapur (Original Motion Picture Soundtrack)","spotify:artist:1mBydYMVBECdDmMfE2sEUO, spotify:artist:6q29t5RuXxlBuqIZsOMQss","Sachin-Jigar, Priya Saraiya","2014-12-09","https://i.scdn.co/image/ab67616d0000b2734c74beed966d2f38aa298c57","1","3","239285","https://p.scdn.co/mp3-preview/55383c859fc50b6e445710c0de8a10eae1fb6e29?cid=9950ac751e34487dbbe027c4fd7f8e99","false","1","GBSGZ1500293","spotify:user:31gkiwlwrhrkyha5xza67tm75kye","2026-04-13T17:53:51Z"
"spotify:track:4HceynRFeONXIHTq4X1q2N","Teri Khair Mangdi","spotify:artist:7hHDO4bJGlEaEHlY2lj1eZ, spotify:artist:0m3D4grap8VFSzbJMqgNVk","Bilal Saeed, Kumaar","spotify:album:110yeLSV0XY4Wtu7DnenNq","Baar Baar Dekho (Original Motion Picture Soundtrack)","spotify:artist:0LyfQWJT6nXafLPZqxe9Of","Various Artists","2016-08-04","https://i.scdn.co/image/ab67616d0000b273edfe45782ad611717d77b2ee","1","5","225273","","false","63","INZ031401553","spotify:user:31gkiwlwrhrkyha5xza67tm75kye","2026-04-13T17:53:51Z"
"spotify:track:0bqmYMFgErHrS38mMkYZ6y","Disco Disco","spotify:artist:1mBydYMVBECdDmMfE2sEUO, spotify:artist:61if35zz1W11GejEkxTLEQ, spotify:artist:26ks59eSno7UlPCdljHQoI","Sachin-Jigar, Benny Dayal, Shirley Setia","spotify:album:5yl46ykkODW4AE8vZ2qQ0N","A Gentleman","spotify:artist:1mBydYMVBECdDmMfE2sEUO","Sachin-Jigar","2017-08-17","https://i.scdn.co/image/ab67616d0000b2731e06f6a88ce95fc20bd556ba","1","1","167006","https://p.scdn.co/mp3-preview/dcd1a8428345afbe1f5fb959f190e596b773c33e?cid=9950ac751e34487dbbe027c4fd7f8e99","false","35","INS181701314","spotify:user:31gkiwlwrhrkyha5xza67tm75kye","2026-04-13T17:53:51Z"
"spotify:track:5ZLkihi6DVsHwDL3B8ym1t","One Love","spotify:artist:5r3wPya2PpeTTsXsGhQU8O","Shubh","spotify:album:3tNH9Fp4dm3qa3Kr4cv5uJ","One Love","spotify:artist:5r3wPya2PpeTTsXsGhQU8O","Shubh","2023-08-18","https://i.scdn.co/image/ab67616d0000b273d7eb20034ff1c7b7bb3629de","1","1","159222","https://p.scdn.co/mp3-preview/be1d9f0a2ab0e4e1ecb330fb4689c57873d64be0?cid=9950ac751e34487dbbe027c4fd7f8e99","false","77","QMBZ92399156","spotify:user:31gkiwlwrhrkyha5xza67tm75kye","2026-04-13T17:53:51Z"
"spotify:track:1ccZZf0IQi5y0bHMl2aGDF","Gulabi Aankhen","spotify:artist:7o7doCwqft91WC690aglWC","Sanam","spotify:album:0xPcW40GWPqYki4y2Vi2pL","Universally SANAM","spotify:artist:7o7doCwqft91WC690aglWC","Sanam","2019-08-09","https://i.scdn.co/image/ab67616d0000b27375093322ba46b40014e6ed17","1","2","197759","","false","71","INUM71900031","spotify:user:31gkiwlwrhrkyha5xza67tm75kye","2026-04-13T17:53:51Z"
"spotify:track:1scGwkyXNCl19wrBDhnAWg","Dekhte Dekhte","spotify:artist:2oSONSC9zQ4UonDKnLqksx, spotify:artist:5HcunTidTUrOaf8V0iJcvl, spotify:artist:3dN9MQpjIyNxyeRfz4EDZe, spotify:artist:4cAERazLlAzVGA10ORWaUP","Atif Aslam, Nusrat Fateh Ali Khan, Rochak Kohli, Manoj Muntashir","spotify:album:4Uxt9DMRqqyFy1Ve6BuFte","Batti Gul Meter Chalu","spotify:artist:3dN9MQpjIyNxyeRfz4EDZe, spotify:artist:1SyKki7JI1AZNKwgNMkn25, spotify:artist:6k6TIai4KyKG1DeIMftSmJ","Rochak Kohli, Sachet-Parampara, Siddharth - Garima","2018-09-08","https://i.scdn.co/image/ab67616d0000b273d43017a1e837396edbace767","1","2","256271","https://p.scdn.co/mp3-preview/a1f5d330504a8b052ea3adddd1d30311977bd719?cid=9950ac751e34487dbbe027c4fd7f8e99","false","72","INS181801890","spotify:user:31gkiwlwrhrkyha5xza67tm75kye","2026-04-13T17:53:51Z"
"spotify:track:7kUljt0NM5sISL3OGNVxYd","Royalty","spotify:artist:3exvMmrLV6o4R42YnG3Id6, spotify:artist:1HD6q5dxREv64GOc3H7vBs","Egzod, Maestro Chives","spotify:album:5fNgtPuw6QFGW7M9FdOX5x","Royalty","spotify:artist:3exvMmrLV6o4R42YnG3Id6, spotify:artist:1HD6q5dxREv64GOc3H7vBs","Egzod, Maestro Chives","2021-04-22","https://i.scdn.co/image/ab67616d0000b27375f8e991774621da2bf53a14","1","1","223520","https://p.scdn.co/mp3-preview/3a3e62eda085c9d43875f17fcb99f09f80a38b51?cid=9950ac751e34487dbbe027c4fd7f8e99","false","55","GB2LD2110089","spotify:user:31gkiwlwrhrkyha5xza67tm75kye","2026-04-13T17:53:51Z"
"spotify:track:0TL0LFcwIBF5eX7arDIKxY","Husn","spotify:artist:4gdMJYnopf2nEUcanAwstx","Anuv Jain","spotify:album:2SarxpD48O1DOiDIccyZ0W","Husn","spotify:artist:4gdMJYnopf2nEUcanAwstx","Anuv Jain","2023-12-01","https://i.scdn.co/image/ab67616d0000b2730d3449f333a83a25feb423f8","1","1","217894","","false","79","INUM72303081","spotify:user:31gkiwlwrhrkyha5xza67tm75kye","2026-04-13T17:53:51Z"
"spotify:track:1ApfHqjOoBmJZ0SjdjzVyA","Yeh Raaten Yeh Mausam","spotify:artist:7o7doCwqft91WC690aglWC, spotify:artist:22aMB7ZvN33U8hTkPn9J5D","Sanam, Simran Sehgal","spotify:album:5eREKQz2rtf9lBwvsTdFjk","Yeh Raaten Yeh Mausam - Sanam And Simran Shgal","spotify:artist:7o7doCwqft91WC690aglWC, spotify:artist:22aMB7ZvN33U8hTkPn9J5D, spotify:artist:66fbGcYDp66VzjaYFyLg8S","Sanam, Simran Sehgal, Shailendra","2014-11-30","https://i.scdn.co/image/ab67616d0000b273f47f3f44f4a7311a66c7a770","1","1","208943","https://p.scdn.co/mp3-preview/f16060bc9fbaa171ef35e6155365a3b9546d2a57?cid=9950ac751e34487dbbe027c4fd7f8e99","false","67","INH101402125","spotify:user:31gkiwlwrhrkyha5xza67tm75kye","2026-04-13T17:53:51Z"
"spotify:track:7Hkbm2DgepcriVxDrwbCcc","Taarif Karoon","spotify:artist:0gXDpqwYNDODn7fB0RDN8J, spotify:artist:7o7doCwqft91WC690aglWC","Mohammed Rafi, Sanam","spotify:album:5RncR4GVaz0IfufLPrb06S","Sanam - Taarif Karoon","spotify:artist:0gXDpqwYNDODn7fB0RDN8J, spotify:artist:7o7doCwqft91WC690aglWC, spotify:artist:1ZPoN6z5JsyjCzFrgrRo5r","Mohammed Rafi, Sanam, S.H. Bihari","2019-05-16","https://i.scdn.co/image/ab67616d0000b27354ff30e70c9dc570bb17fbb1","1","1","157760","https://p.scdn.co/mp3-preview/7bb024d531699264e8cc8de68a727b17ac3359b8?cid=9950ac751e34487dbbe027c4fd7f8e99","false","52","INH101902290","spotify:user:31gkiwlwrhrkyha5xza67tm75kye","2026-04-13T17:53:51Z"
"spotify:track:733B0eINqwUqzV49kNRPPA","Lag Ja Gale","spotify:artist:7o7doCwqft91WC690aglWC","Sanam","spotify:album:3WpNdEjIE5itor1v9GK83G","Lag Ja Gale - Sanam","spotify:artist:7o7doCwqft91WC690aglWC, spotify:artist:79A5doSmeSIdsm48RvSOcz","Sanam, Raja Mehdi Ali Khan","2014-07-15","https://i.scdn.co/image/ab67616d0000b273b3c540643510b1c136a890f8","1","1","240953","https://p.scdn.co/mp3-preview/2afca311cf3234fc5f6382980ca739e5df3818c1?cid=9950ac751e34487dbbe027c4fd7f8e99","false","61","INH101401213","spotify:user:31gkiwlwrhrkyha5xza67tm75kye","2026-04-13T17:53:51Z"
"spotify:track:3WVtOC0yQGiifTSeESXIrw","O Mere Dil Ke Chain","spotify:artist:7o7doCwqft91WC690aglWC, spotify:artist:2JSYASbWU5Y0fVpts3Eq7g","Sanam, R. D. Burman","spotify:album:3S0jdTqfH1rHoWrbIwYNwm","O Mere Dil Ke Chain - Sanam","spotify:artist:7o7doCwqft91WC690aglWC","Sanam","2015-06-30","https://i.scdn.co/image/ab67616d0000b273e2d97f266b9762356b107188","1","1","202622","https://p.scdn.co/mp3-preview/a855b2453c650ffd316f5426fd2db5c98ec1c168?cid=9950ac751e34487dbbe027c4fd7f8e99","false","63","INH101500926","spotify:user:31gkiwlwrhrkyha5xza67tm75kye","2026-04-13T17:53:51Z"
"spotify:track:4uXDFZF5TGM9HPNLE4NNjG","Mere Samnewali Khidki Mein - Jhankar Beats","spotify:artist:2tj8mpAYuA0p3XjIUhviMG, spotify:artist:2YpNsPpoWV4shQrSGbJtrd, spotify:artist:7o7doCwqft91WC690aglWC","DJ Harshit Shah, DJ MHD IND, Sanam","spotify:album:3uPRd0v6qeKqg3oXhkWXF9","Mere Samnewali Khidki Mein - Jhankar Beats","spotify:artist:2tj8mpAYuA0p3XjIUhviMG, spotify:artist:2YpNsPpoWV4shQrSGbJtrd, spotify:artist:7o7doCwqft91WC690aglWC","DJ Harshit Shah, DJ MHD IND, Sanam","2023-06-30","https://i.scdn.co/image/ab67616d0000b27346cf83ebe4878ffd0ea19850","1","1","181714","https://p.scdn.co/mp3-preview/8d87c8caac3f34c9c59bda2aa25ef3800d897f2c?cid=9950ac751e34487dbbe027c4fd7f8e99","false","32","INH102309500","spotify:user:31gkiwlwrhrkyha5xza67tm75kye","2026-04-13T17:53:51Z"
"spotify:track:5cgKosPPj5Cs9a2JQufUc1","Ilahi","spotify:artist:1wRPtKGflJrBx9BmLsSwlU, spotify:artist:4YRxDV8wJFPHPTeXepOstw, spotify:artist:2fMqTqiTxUDlmcOEPaQSsx","Pritam, Arijit Singh, Amitabh Bhattacharya","spotify:album:2Lxoc72vRTGdQfMvj7Ovi1","Yeh Jawaani Hai Deewani","spotify:artist:1wRPtKGflJrBx9BmLsSwlU","Pritam","2013-03-30","https://i.scdn.co/image/ab67616d0000b273707ea5b8023ac77d31756ed4","1","3","228982","https://p.scdn.co/mp3-preview/f370312842334fb48cd7ac346f2c63f8fe603eac?cid=9950ac751e34487dbbe027c4fd7f8e99","false","76","INS181303779","spotify:user:31gkiwlwrhrkyha5xza67tm75kye","2026-04-13T17:53:51Z"
"spotify:track:3bQsp4Vr9Rg4fNCx6HPOgX","Alag Aasmaan","spotify:artist:4gdMJYnopf2nEUcanAwstx","Anuv Jain","spotify:album:3ggRRHH3VsmspGHzOl4v42","Alag Aasmaan","spotify:artist:4gdMJYnopf2nEUcanAwstx","Anuv Jain","2020-07-31","https://i.scdn.co/image/ab67616d0000b2735d7a296e99b415bc012c03e3","1","1","212750","","false","72","TCAEZ2083117","spotify:user:31gkiwlwrhrkyha5xza67tm75kye","2026-04-13T17:53:51Z"
"spotify:track:6S6igJi5j9FP1JVzl9EVqu","Dil Kya Kare","spotify:artist:7o7doCwqft91WC690aglWC","Sanam","spotify:album:0xPcW40GWPqYki4y2Vi2pL","Universally SANAM","spotify:artist:7o7doCwqft91WC690aglWC","Sanam","2019-08-09","https://i.scdn.co/image/ab67616d0000b27375093322ba46b40014e6ed17","1","4","209108","","false","52","INUM71900033","spotify:user:31gkiwlwrhrkyha5xza67tm75kye","2026-04-13T17:53:51Z"
"spotify:track:3f0wz6zcA7XkQiGm0qNF5r","Thodi Jagah (From ""Marjaavaan"")","spotify:artist:4YRxDV8wJFPHPTeXepOstw, spotify:artist:4f7KfxeHq9BiylGmyXepGt, spotify:artist:5r2baeTwcCJnuIsDIlxUJo","Arijit Singh, Tanishk Bagchi, Rashmi Virag","spotify:album:4DZ2mXEtUDsltgPqGwnRDd","Thodi Jagah (From ""Marjaavaan"")","spotify:artist:4YRxDV8wJFPHPTeXepOstw, spotify:artist:4f7KfxeHq9BiylGmyXepGt, spotify:artist:5r2baeTwcCJnuIsDIlxUJo","Arijit Singh, Tanishk Bagchi, Rashmi Virag","2019-10-18","https://i.scdn.co/image/ab67616d0000b273f38fe9999b084f9d187b8534","1","1","218048","https://p.scdn.co/mp3-preview/363e37282a3e6d4d27406c5ef8b1a3b6b27ee17a?cid=9950ac751e34487dbbe027c4fd7f8e99","false","69","INS181905108","spotify:user:31gkiwlwrhrkyha5xza67tm75kye","2026-04-13T17:53:51Z"
"spotify:track:0dLbrlAVPPjpPqnYfmJsWk","Tera Hone Laga Hoon","spotify:artist:1wRPtKGflJrBx9BmLsSwlU, spotify:artist:2oSONSC9zQ4UonDKnLqksx, spotify:artist:4mBxoO0pAcMbAwuTcrcLMc","Pritam, Atif Aslam, Alisha Chinai","spotify:album:13t8iDyl1vkhPcO3Zl29a9","Ajab Prem Ki Ghazab Kahani (Original Motion Picture Soundtrack)","spotify:artist:1wRPtKGflJrBx9BmLsSwlU, spotify:artist:3GdSQUH1BRtl9UrrtuwJlP, spotify:artist:1Xoow41U5fn5DwlMlYt7Gw, spotify:artist:03veJpSIc7GAx0mPLcskjI","Pritam, Irshad Kamil, Hard Kaur, Ashish Pandit","2009-11-06","https://i.scdn.co/image/ab67616d0000b273a200135a2008410280695cb3","1","9","299827","https://p.scdn.co/mp3-preview/3b2a621bf31eb3b0ccbb4996a80bd46ab23e82dc?cid=9950ac751e34487dbbe027c4fd7f8e99","false","76","INT100900021","spotify:user:31gkiwlwrhrkyha5xza67tm75kye","2026-04-13T17:53:51Z"
"spotify:track:0HI3O9uCBWtu7B3boRpCaL","Pal Pal Dil Ke Paas - From ""Blackmail""","spotify:artist:0GF4shudTAFv8ak9eWdd4Y","Kishore Kumar","spotify:album:2ynfe6E7ukd6HgaEvVNOwF","Blackmail (Original Motion Picture Soundtrack)","spotify:artist:0LyfQWJT6nXafLPZqxe9Of","Various Artists","1973-01-01","https://i.scdn.co/image/ab67616d0000b2734a556840385c69e91d5dac63","1","5","329066","","false","65","INP100300046","spotify:user:31gkiwlwrhrkyha5xza67tm75kye","2026-04-13T17:53:51Z"
"spotify:track:5XTdgOtJYAOXiw2gHW2KmQ","Kya Hua Tera Vada","spotify:artist:0AyqjTeFKxSNXJAJLLUaUJ, spotify:artist:0gXDpqwYNDODn7fB0RDN8J, spotify:artist:2JSYASbWU5Y0fVpts3Eq7g","Sushma Shrestha, Mohammed Rafi, R. D. Burman","spotify:album:3cX3m40aOlPHvHV05TzDkO","Hum Kisise Kum Naheen","spotify:artist:2JSYASbWU5Y0fVpts3Eq7g","R. D. Burman","1977-08-25","https://i.scdn.co/image/ab67616d0000b273b9c2d5169d45911d8f499f93","1","9","257984","https://p.scdn.co/mp3-preview/4b77681ce299f5c2fea82be1bfb2f78fbb621e30?cid=9950ac751e34487dbbe027c4fd7f8e99","false","70","INH109534740","spotify:user:31gkiwlwrhrkyha5xza67tm75kye","2026-04-13T17:53:51Z"
"spotify:track:6Frhkb7giXWjeJAX2dJT88","O Mere Dil Ke Chain","spotify:artist:0GF4shudTAFv8ak9eWdd4Y, spotify:artist:2JSYASbWU5Y0fVpts3Eq7g","Kishore Kumar, R. D. Burman","spotify:album:0LgDRtuJbng7HyGRHhdJGX","Mere Jeevan Saathi","spotify:artist:2JSYASbWU5Y0fVpts3Eq7g","R. D. Burman","1972-01-01","https://i.scdn.co/image/ab67616d0000b273f37953bdced22729ab0743ea","1","7","276693","https://p.scdn.co/mp3-preview/0373c8dc0f99596b5341ac55f766a78f383029e0?cid=9950ac751e34487dbbe027c4fd7f8e99","false","70","INH109990260","spotify:user:31gkiwlwrhrkyha5xza67tm75kye","2026-04-13T17:53:51Z"
"spotify:track:0x6uQ4XMGrPDcYiWRZlBSq","Saagar Jaisi Aankhonwali - From ""Saagar""","spotify:artist:0GF4shudTAFv8ak9eWdd4Y, spotify:artist:2JSYASbWU5Y0fVpts3Eq7g","Kishore Kumar, R. D. Burman","spotify:album:6nSHpOQPQUbv9vVs14QAMF","Saagar (Original Motion Picture Soundtrack)","spotify:artist:0LyfQWJT6nXafLPZqxe9Of","Various Artists","1985-01-01","https://i.scdn.co/image/ab67616d0000b2732ec22238c5712ef3430927f6","1","4","303400","","false","62","INUM70500039","spotify:user:31gkiwlwrhrkyha5xza67tm75kye","2026-04-13T17:53:51Z"
"spotify:track:3MRREVp7Vwiivsny9bGd9O","Mere Mehboob Qayamat Hogi","spotify:artist:0GF4shudTAFv8ak9eWdd4Y, spotify:artist:3yS84AjNFqhmuJlIXy7sax","Kishore Kumar, Laxmikant–Pyarelal","spotify:album:2rfEqfJqZuojPrNh3JVrRR","Mr. X In Bombay","spotify:artist:3yS84AjNFqhmuJlIXy7sax","Laxmikant–Pyarelal","1964-01-01","https://i.scdn.co/image/ab67616d0000b273bebdc748528dcbd0aaf3c49c","1","2","228693","https://p.scdn.co/mp3-preview/9dfbb5dd010e0091c495f2de9f81a3f357f5984a?cid=9950ac751e34487dbbe027c4fd7f8e99","false","68","INH109631830","spotify:user:31gkiwlwrhrkyha5xza67tm75kye","2026-04-13T17:53:51Z"
"spotify:track:5t0qa7vBhsi9kUsncxTXoz","Dil Kya Kare","spotify:artist:0GF4shudTAFv8ak9eWdd4Y","Kishore Kumar","spotify:album:3dillOeeOQpaW4DOBxaGMX","Julie (Original Motion Picture Soundtrack)","spotify:artist:5c3Qxc5sTis0Oq3XcOdIJD","Rajesh Roshan","1975-04-18","https://i.scdn.co/image/ab67616d0000b273bce0b57615deaeac4fa47d9c","1","1","404003","","false","60","INP100300043","spotify:user:31gkiwlwrhrkyha5xza67tm75kye","2026-04-13T17:53:51Z"
"spotify:track:6BirLItaTffBCKTAeWi3gT","Khwab Ho Tum Ya Koi Haqeeqat","spotify:artist:0GF4shudTAFv8ak9eWdd4Y, spotify:artist:4vMKEXQ4cU5hb2BL4omVrT","Kishore Kumar, S. D. Burman","spotify:album:4RhTaPgxvTG4Gxg2TaukyN","Teen Devian","spotify:artist:4vMKEXQ4cU5hb2BL4omVrT","S. D. Burman","1965-01-01","https://i.scdn.co/image/ab67616d0000b27388da7e7258b53af1482df860","1","2","333072","https://p.scdn.co/mp3-preview/1acbd0929147eea5445f20278d9597c9810f0a11?cid=9950ac751e34487dbbe027c4fd7f8e99","false","56","INH109237610","spotify:user:31gkiwlwrhrkyha5xza67tm75kye","2026-04-13T17:53:51Z"
"spotify:track:0Yu6DMaU2w0777Ek5XQNyI","Pyar Diwana Hota Hai","spotify:artist:0GF4shudTAFv8ak9eWdd4Y, spotify:artist:2JSYASbWU5Y0fVpts3Eq7g","Kishore Kumar, R. D. Burman","spotify:album:1TLgl5iaW4vmy7R9BrmOey","Kati Patang","spotify:artist:2JSYASbWU5Y0fVpts3Eq7g","R. D. Burman","1970-01-01","https://i.scdn.co/image/ab67616d0000b273828e961ca63ad2ac4444dbfd","1","16","284133","https://p.scdn.co/mp3-preview/2e9fe9a6cf2b35c6cf21f54f5612092d10c48cc3?cid=9950ac751e34487dbbe027c4fd7f8e99","false","62","INH109544100","spotify:user:31gkiwlwrhrkyha5xza67tm75kye","2026-04-13T17:53:51Z"
"spotify:track:0p7EstNUg5VYyD8jxs1Na7","Hai Apna Dil To Aawara - Happy","spotify:artist:02Um2HIOrUdsy3wqPBZwsj, spotify:artist:4vMKEXQ4cU5hb2BL4omVrT","Hemant Kumar, S. D. Burman","spotify:album:1EVQ9JYSRELdpeTPrERR8y","Solva Saal","spotify:artist:4vMKEXQ4cU5hb2BL4omVrT","S. D. Burman","1958-01-01","https://i.scdn.co/image/ab67616d0000b273b86700b87be48d3c40a75c16","1","1","261825","https://p.scdn.co/mp3-preview/d1e63d6c6db648f07bd192b431fe277e6605b58f?cid=9950ac751e34487dbbe027c4fd7f8e99","false","54","INH109245370","spotify:user:31gkiwlwrhrkyha5xza67tm75kye","2026-04-13T17:53:51Z"
"spotify:track:1mPNK9DQVA7gJNtJ20PZu3","Ek Ajnabee Haseena Se","spotify:artist:0GF4shudTAFv8ak9eWdd4Y, spotify:artist:2JSYASbWU5Y0fVpts3Eq7g","Kishore Kumar, R. D. Burman","spotify:album:3ozn64E1BMlkTkquFBwyn2","Ajanabee","spotify:artist:2JSYASbWU5Y0fVpts3Eq7g, spotify:artist:3Bku4b0uiR8KJSXu7U8Iyy","R. D. Burman, Anand Bakshi","1974-09-18","https://i.scdn.co/image/ab67616d0000b273eb275240fe306c412f535f8c","1","3","266145","https://p.scdn.co/mp3-preview/913661588b942d5fbb8baff7b45ef8a3d300aa07?cid=9950ac751e34487dbbe027c4fd7f8e99","false","68","INH109243080","spotify:user:31gkiwlwrhrkyha5xza67tm75kye","2026-04-13T17:53:51Z"
"spotify:track:3uL1IBFhg52VcQqOwAG01E","Mast Magan","spotify:artist:4YRxDV8wJFPHPTeXepOstw, spotify:artist:5UJ2sHO2ELrgW6aXeRLTQQ, spotify:artist:0L5GV6LN8SWWUWIdBbTLTZ, spotify:artist:2fMqTqiTxUDlmcOEPaQSsx","Arijit Singh, Chinmayi, Shankar-Ehsaan-Loy, Amitabh Bhattacharya","spotify:album:4PmYasI57t8uJJAOt0zKud","2 States","spotify:artist:0L5GV6LN8SWWUWIdBbTLTZ","Shankar-Ehsaan-Loy","2014-03-14","https://i.scdn.co/image/ab67616d0000b273c7b8d39b1e113845906984ab","1","3","280161","https://p.scdn.co/mp3-preview/c05ff6e79e032b49e0975419a24ea2775c3aaaa6?cid=9950ac751e34487dbbe027c4fd7f8e99","false","73","INS181400606","spotify:user:31gkiwlwrhrkyha5xza67tm75kye","2026-04-13T17:53:51Z"
"spotify:track:24b9eObMccIrDSs3NvdrRd","Milne Hai Mujhse Aayi (From ""Aashiqui 2"")","spotify:artist:4YRxDV8wJFPHPTeXepOstw","Arijit Singh","spotify:album:6jk3ucx33D7CLURgcfVFOT","Arijit Singh Broken Strings","spotify:artist:4YRxDV8wJFPHPTeXepOstw","Arijit Singh","2019-04-24","https://i.scdn.co/image/ab67616d0000b273c486f7fc6299f158d632e613","1","8","295798","https://p.scdn.co/mp3-preview/a9fa0fd07561b73d658d1f9b7293206627461786?cid=9950ac751e34487dbbe027c4fd7f8e99","false","66","INS181303040","spotify:user:31gkiwlwrhrkyha5xza67tm75kye","2026-04-13T17:53:51Z"
"spotify:track:6Z394Nd4gW6Ts9hmu3NUjx","Nadaan Parinde","spotify:artist:1mYsTxnqsietFxj1OgoGbG, spotify:artist:5GnnSrwNCGyfAU4zuIytiS","A.R. Rahman, Mohit Chauhan","spotify:album:3RZxrS2dDZlbsYtMRM89v8","Rockstar","spotify:artist:1mYsTxnqsietFxj1OgoGbG, spotify:artist:3GdSQUH1BRtl9UrrtuwJlP","A.R. Rahman, Irshad Kamil","2011-10-01","https://i.scdn.co/image/ab67616d0000b27354e544672baa16145d67612b","1","11","384000","https://p.scdn.co/mp3-preview/9e3181af00110097fc8f16d4912a77719c4671d6?cid=9950ac751e34487dbbe027c4fd7f8e99","false","66","INS181103508","spotify:user:31gkiwlwrhrkyha5xza67tm75kye","2026-04-13T17:53:51Z"
"spotify:track:5PvwPy5eRO8BPwpRzCHK3D","Sunn Raha Hai","spotify:artist:0E02VcvA5p1ndkLdqWD5JB, spotify:artist:6TSxLBGJLhWIuoKv2vAnVx","Ankit Tiwari, Sandeep Nath","spotify:album:0Rkv5iqjF2uenfL0OVB8hg","Aashiqui 2","spotify:artist:09UmIX92EUH9hAK4bxvHx6, spotify:artist:0E02VcvA5p1ndkLdqWD5JB, spotify:artist:2kkQthS9OLpK4UqNWYqoVl","Mithoon, Ankit Tiwari, Jeet Gannguli","2013-04-06","https://i.scdn.co/image/ab67616d0000b2736404721c1943d5069f0805f3","1","2","390222","https://p.scdn.co/mp3-preview/66bea517c537e37b3aa162213583403583551f08?cid=9950ac751e34487dbbe027c4fd7f8e99","false","76","INS181303032","spotify:user:31gkiwlwrhrkyha5xza67tm75kye","2026-04-13T17:53:51Z"
"spotify:track:3MPHub8AYXBHMEqJa4yrGc","Mere Mehboob Qayamat Hogi","spotify:artist:7o7doCwqft91WC690aglWC, spotify:artist:3yS84AjNFqhmuJlIXy7sax","Sanam, Laxmikant–Pyarelal","spotify:album:7e4tahmWSvkZPTFKRFB5gS","Mere Mehboob Qayamat Hogi - Sanam","spotify:artist:7o7doCwqft91WC690aglWC","Sanam","2015-06-30","https://i.scdn.co/image/ab67616d0000b273a3a08d19a311ff3336118875","1","1","241132","https://p.scdn.co/mp3-preview/136e0d6c91418d9685ba5af78af0643bec27c8be?cid=9950ac751e34487dbbe027c4fd7f8e99","false","63","INH101500927","spotify:user:31gkiwlwrhrkyha5xza67tm75kye","2026-04-13T17:53:51Z"
"spotify:track:3xeqwaUWpJI8j5gmCaHxt8","Pal Pal Dil Ke Paas - Title Track - From ""Pal Pal Dil Ke Paas""","spotify:artist:4YRxDV8wJFPHPTeXepOstw, spotify:artist:3BgdtJXnzcGLt7DSKe6Qmr, spotify:artist:1SyKki7JI1AZNKwgNMkn25, spotify:artist:6k6TIai4KyKG1DeIMftSmJ","Arijit Singh, Parampara Thakur, Sachet-Parampara, Siddharth - Garima","spotify:album:3ahAa4cS9Eij7qcVoE2W44","Pal Pal Dil Ke Paas - Title Track (From ""Pal Pal Dil Ke Paas"")","spotify:artist:4YRxDV8wJFPHPTeXepOstw, spotify:artist:3BgdtJXnzcGLt7DSKe6Qmr, spotify:artist:1SyKki7JI1AZNKwgNMkn25, spotify:artist:6k6TIai4KyKG1DeIMftSmJ","Arijit Singh, Parampara Thakur, Sachet-Parampara, Siddharth - Garima","2019-08-27","https://i.scdn.co/image/ab67616d0000b2735c6bfefcc226040027f6754c","1","1","254516","","false","64","INZ031406006","spotify:user:31gkiwlwrhrkyha5xza67tm75kye","2026-04-13T17:53:51Z"
"spotify:track:2Q6Eo7zJ3woi7oVUkfDt1W","Aap Ki Nazron Ne Samjha","spotify:artist:7o7doCwqft91WC690aglWC","Sanam","spotify:album:3TxmtdhSlPwfo6Em4aXZYa","Aap Ki Nazron Ne Samjha - Sanam","spotify:artist:7o7doCwqft91WC690aglWC, spotify:artist:79A5doSmeSIdsm48RvSOcz","Sanam, Raja Mehdi Ali Khan","2014-09-30","https://i.scdn.co/image/ab67616d0000b273f6f1cbce57a29e0ee6ba8cc7","1","1","186737","https://p.scdn.co/mp3-preview/1910a82fe3ba883627e70d9af99e2c3ff09833ab?cid=9950ac751e34487dbbe027c4fd7f8e99","false","57","INH101401652","spotify:user:31gkiwlwrhrkyha5xza67tm75kye","2026-04-13T17:53:51Z"
"spotify:track:5Mv7UmRWMUyQrOULQk3f39","Likhe Jo Khat Tujhe","spotify:artist:7o7doCwqft91WC690aglWC","Sanam","spotify:album:08mEN66r154Yc5ErNRDIgY","Sanam - Likhe Jo Khat Tujhe","spotify:artist:7o7doCwqft91WC690aglWC, spotify:artist:1vKAthxJWQmTEcB1ZVqUGB","Sanam, Neeraj","2020-05-04","https://i.scdn.co/image/ab67616d0000b273e97cc03c1baa1c6b79049265","1","1","203785","https://p.scdn.co/mp3-preview/757244ee51df96b82aaa15a8c387a03562888e65?cid=9950ac751e34487dbbe027c4fd7f8e99","false","53","INH102002226","spotify:user:31gkiwlwrhrkyha5xza67tm75kye","2026-04-13T17:53:51Z"
"spotify:track:2PvaburAUlhNHxVhw5lvOq","Humdard (From ""Ek Villain"")","spotify:artist:4YRxDV8wJFPHPTeXepOstw","Arijit Singh","spotify:album:1WwkojG9sjMSrFVz4D51W0","Ultimate Love Songs - Arijit Singh","spotify:artist:4YRxDV8wJFPHPTeXepOstw","Arijit Singh","2020-05-19","https://i.scdn.co/image/ab67616d0000b2731aa5adad8593923dcdf1a7d0","1","6","260590","https://p.scdn.co/mp3-preview/4b5f53af2131c4af06009ef1b204c748fa4e77cb?cid=9950ac751e34487dbbe027c4fd7f8e99","false","68","INS181401039","spotify:user:31gkiwlwrhrkyha5xza67tm75kye","2026-04-13T17:53:51Z"
"spotify:track:1UTzknFnMdtH3morV6o1hA","Apna Bana Le","spotify:artist:1mBydYMVBECdDmMfE2sEUO, spotify:artist:4YRxDV8wJFPHPTeXepOstw, spotify:artist:2fMqTqiTxUDlmcOEPaQSsx","Sachin-Jigar, Arijit Singh, Amitabh Bhattacharya","spotify:album:1QOwvBk3LNWAaEvARxPDNd","The Arijit Singh Collection","spotify:artist:4YRxDV8wJFPHPTeXepOstw","Arijit Singh","2023-05-26","https://i.scdn.co/image/ab67616d0000b273627b5b17cb48f6e6956b842e","1","1","261702","","false","56","INZ031411736","spotify:user:31gkiwlwrhrkyha5xza67tm75kye","2026-04-13T17:53:51Z"
"spotify:track:1fcCPXmH4vUzG6UQTTjZp5","Phir Bhi Tumko Chaahunga","spotify:artist:09UmIX92EUH9hAK4bxvHx6, spotify:artist:4cAERazLlAzVGA10ORWaUP, spotify:artist:4YRxDV8wJFPHPTeXepOstw, spotify:artist:12CpR4SNDzVIlDoPSeNFeW","Mithoon, Manoj Muntashir, Arijit Singh, Shashaa Tirupati","spotify:album:1QOwvBk3LNWAaEvARxPDNd","The Arijit Singh Collection","spotify:artist:4YRxDV8wJFPHPTeXepOstw","Arijit Singh","2023-05-26","https://i.scdn.co/image/ab67616d0000b273627b5b17cb48f6e6956b842e","1","3","351587","","false","69","INZ031402279","spotify:user:31gkiwlwrhrkyha5xza67tm75kye","2026-04-13T17:53:51Z"
"spotify:track:6UgcN95w7vQxkR8sEFmwHG","Chahun Main Ya Naa","spotify:artist:3yMmYEklQ7gLOZXEFNd3xr, spotify:artist:4YRxDV8wJFPHPTeXepOstw, spotify:artist:2kkQthS9OLpK4UqNWYqoVl, spotify:artist:3GdSQUH1BRtl9UrrtuwJlP","Palak Muchhal, Arijit Singh, Jeet Gannguli, Irshad Kamil","spotify:album:0Rkv5iqjF2uenfL0OVB8hg","Aashiqui 2","spotify:artist:09UmIX92EUH9hAK4bxvHx6, spotify:artist:0E02VcvA5p1ndkLdqWD5JB, spotify:artist:2kkQthS9OLpK4UqNWYqoVl","Mithoon, Ankit Tiwari, Jeet Gannguli","2013-04-06","https://i.scdn.co/image/ab67616d0000b2736404721c1943d5069f0805f3","1","3","304899","https://p.scdn.co/mp3-preview/c3f76a9328975e69d749e5004456cf3d5a81240a?cid=9950ac751e34487dbbe027c4fd7f8e99","false","75","INS181303033","spotify:user:31gkiwlwrhrkyha5xza67tm75kye","2026-04-13T17:53:51Z"
"spotify:track:0WNCYgCd33LnBnw22WFuq8","Bhula Dena","spotify:artist:71oGOxg5ez52Hh1Ye41A98, spotify:artist:2kkQthS9OLpK4UqNWYqoVl, spotify:artist:2DaHOINqLeDDartdiSzXov","Mustafa Zahid, Jeet Gannguli, Sanjay Masoom","spotify:album:0Rkv5iqjF2uenfL0OVB8hg","Aashiqui 2","spotify:artist:09UmIX92EUH9hAK4bxvHx6, spotify:artist:0E02VcvA5p1ndkLdqWD5JB, spotify:artist:2kkQthS9OLpK4UqNWYqoVl","Mithoon, Ankit Tiwari, Jeet Gannguli","2013-04-06","https://i.scdn.co/image/ab67616d0000b2736404721c1943d5069f0805f3","1","7","240723","https://p.scdn.co/mp3-preview/a56cfda634e097aa5aaed11fe766c9dd5860114c?cid=9950ac751e34487dbbe027c4fd7f8e99","false","70","INS181303037","spotify:user:31gkiwlwrhrkyha5xza67tm75kye","2026-04-13T17:53:51Z"
"spotify:track:0es02Rp0p0WpC4WRBDtM8P","Likhe Jo Khat Tujhe","spotify:artist:0gXDpqwYNDODn7fB0RDN8J","Mohammed Rafi","spotify:album:5XWUKjR44OaBxzAFxfFTEe","Kanyadaan","spotify:artist:1Ss4YdByiwTuR5Fh9e89sc","Shankar Jaikishan","1968-01-01","https://i.scdn.co/image/ab67616d0000b2735e0519e32f87e84a09141bfd","1","1","273533","https://p.scdn.co/mp3-preview/4f638bde2bf0f78c1e63015568598698b6a3adc3?cid=9950ac751e34487dbbe027c4fd7f8e99","false","65","INH109343400","spotify:user:31gkiwlwrhrkyha5xza67tm75kye","2026-04-13T17:53:51Z"
"spotify:track:2MAQWNhW0jKI0qWnNNO8C9","Main Pal Do Pal Ka Shair Hoon","spotify:artist:4etv0ut4ws0GbXBtolzf5e","Mukesh","spotify:album:3RLXcdSQn4OGJ8DW7NrXmr","Kabhi Kabhie","spotify:artist:4T2mXoFdZeElsR7yoeKUbi, spotify:artist:3wqQGae4f3J36kZg4hHTX6, spotify:artist:1nLvkKjnfpnouM0Mpyd4cc","Khayyam, Sagar Sarhadi, Sahir Ludhianvi","1976-01-27","https://i.scdn.co/image/ab67616d0000b2731a53cb45af75e30370c7e0ee","1","8","204040","https://p.scdn.co/mp3-preview/0b7d015e6209487552656253dc72f9442d2eb556?cid=9950ac751e34487dbbe027c4fd7f8e99","false","57","INH109539840","spotify:user:31gkiwlwrhrkyha5xza67tm75kye","2026-04-13T17:53:51Z"
"spotify:track:4TimJMbd97nFu5wW9DJXQ9","Chhu Kar Mere Manko - From ""Yaarana""","spotify:artist:0GF4shudTAFv8ak9eWdd4Y","Kishore Kumar","spotify:album:6wj77HKqym2sDXULc0bgau","Yaarana (Original Motion Picture Soundtrack)","spotify:artist:0LyfQWJT6nXafLPZqxe9Of","Various Artists","1981-01-01","https://i.scdn.co/image/ab67616d0000b2735010423a20b4be562fbed361","1","1","254800","","false","58","INP100300047","spotify:user:31gkiwlwrhrkyha5xza67tm75kye","2026-04-13T17:53:51Z"
"spotify:track:2P7i3LoqblIGiNk1Jmbc30","Kahin Door Jab Din Dhal Jaye","spotify:artist:4etv0ut4ws0GbXBtolzf5e, spotify:artist:0Ck0U5EF4b0VBMmpZPuUmv","Mukesh, Salil Chowdhury","spotify:album:5VUfzLSj7tVzsV2DRcJcLL","Anand","spotify:artist:0Ck0U5EF4b0VBMmpZPuUmv","Salil Chowdhury","1971-05-03","https://i.scdn.co/image/ab67616d0000b273b9afc1c03e76033d7d2d4422","1","1","337386","https://p.scdn.co/mp3-preview/173e9489e29e83a8f01632c81c2da7ec7bf5e72e?cid=9950ac751e34487dbbe027c4fd7f8e99","false","65","INH109246000","spotify:user:31gkiwlwrhrkyha5xza67tm75kye","2026-04-13T17:53:51Z"
"spotify:track:72CkpVdvmc8t28o8I9N32J","Tere Sang Yaara","spotify:artist:2oSONSC9zQ4UonDKnLqksx, spotify:artist:4cAERazLlAzVGA10ORWaUP","Atif Aslam, Manoj Muntashir","spotify:album:78QGeq3kPu6bBNpYXUAR60","Rustom (Original Motion Picture Soundtrack)","spotify:artist:0LyfQWJT6nXafLPZqxe9Of","Various Artists","2016-07-15","https://i.scdn.co/image/ab67616d0000b2733a2753349e18d67b45e5b24d","1","1","286380","","false","67","INZ031401497","spotify:user:31gkiwlwrhrkyha5xza67tm75kye","2026-04-13T17:53:51Z"
"spotify:track:0Bz7dfqPY4JOGZO3O1j8Wh","Bulleya","spotify:artist:1wRPtKGflJrBx9BmLsSwlU, spotify:artist:2LgKrgRJcbJlt14i1LTzDU, spotify:artist:19LIHDDSHBD5NyYHI3gpzB","Pritam, Amit Mishra, Shilpa Rao","spotify:album:5xjaz957o6YGSXmlfd2tex","Ae Dil Hai Mushkil (Original Motion Picture Soundtrack) [Deluxe Edition]","spotify:artist:1wRPtKGflJrBx9BmLsSwlU","Pritam","2016-10-26","https://i.scdn.co/image/ab67616d0000b27358397d59e15b5149adf86033","1","2","348965","https://p.scdn.co/mp3-preview/5ed7fb4ad84a285941b092e888aee07794a19202?cid=9950ac751e34487dbbe027c4fd7f8e99","false","69","INS171602235","spotify:user:31gkiwlwrhrkyha5xza67tm75kye","2026-04-13T17:53:51Z"
"spotify:track:1UWacd8x8tPPwmrPB1MoBI","Ae Dil Hai Mushkil Title Track","spotify:artist:1wRPtKGflJrBx9BmLsSwlU, spotify:artist:4YRxDV8wJFPHPTeXepOstw","Pritam, Arijit Singh","spotify:album:5xjaz957o6YGSXmlfd2tex","Ae Dil Hai Mushkil (Original Motion Picture Soundtrack) [Deluxe Edition]","spotify:artist:1wRPtKGflJrBx9BmLsSwlU","Pritam","2016-10-26","https://i.scdn.co/image/ab67616d0000b27358397d59e15b5149adf86033","1","1","269032","https://p.scdn.co/mp3-preview/13a37c7abbabba5e89fb411124202eaabe040261?cid=9950ac751e34487dbbe027c4fd7f8e99","false","74","INS171602089","spotify:user:31gkiwlwrhrkyha5xza67tm75kye","2026-04-13T17:53:51Z"
"spotify:track:2IEhtVeM9TVql8fZdKdlo9","Main Rang Sharbaton Ka","spotify:artist:2oSONSC9zQ4UonDKnLqksx, spotify:artist:5UJ2sHO2ELrgW6aXeRLTQQ, spotify:artist:1wRPtKGflJrBx9BmLsSwlU","Atif Aslam, Chinmayi, Pritam","spotify:album:3vDIjYB1eatEoGlVoZWUFs","Best of Romance: Atif Aslam","spotify:artist:2oSONSC9zQ4UonDKnLqksx, spotify:artist:1wRPtKGflJrBx9BmLsSwlU, spotify:artist:34R6DQd8ErBy1xyOyMHFrq","Atif Aslam, Pritam, Sachin Gupta","2023-04-20","https://i.scdn.co/image/ab67616d0000b273af932ac943c7afa6b74659f7","1","4","263152","https://p.scdn.co/mp3-preview/8ed0698c52ece49ad6defa5c0f13b3c72e6113ca?cid=9950ac751e34487dbbe027c4fd7f8e99","false","74","INT101303505","spotify:user:31gkiwlwrhrkyha5xza67tm75kye","2026-04-13T17:53:51Z"
"spotify:track:3HFjh7QljnUCBLsoTwMuTj","Kya Mujhe Pyar Hai","spotify:artist:1wRPtKGflJrBx9BmLsSwlU, spotify:artist:4fEkbug6kZzzJ8eYX6Kbbp, spotify:artist:72APa8QPdPUhGzNMciz1wI","Pritam, KK, Neelesh Misra","spotify:album:4HQwIiFKCkiOCI6b9oAiAR","Woh Lamhe","spotify:artist:1wRPtKGflJrBx9BmLsSwlU, spotify:artist:03SZmfKAgYRQKUwy0EoJUa","Pritam, Roop Kumar Rathod","2006-08-17","https://i.scdn.co/image/ab67616d0000b273238513a0da74c837b2eeb8d7","1","1","266653","https://p.scdn.co/mp3-preview/ab3198d66b06326c275b5aaaa43fed8c41f4e1cc?cid=9950ac751e34487dbbe027c4fd7f8e99","false","75","INS180602902","spotify:user:31gkiwlwrhrkyha5xza67tm75kye","2026-04-13T17:53:51Z"
"spotify:track:3OLFqbd9ZeVjaUKTiaLsD6","Tu Hi Haqeeqat","spotify:artist:1wRPtKGflJrBx9BmLsSwlU, spotify:artist:4W91bbPB2CTSsHwt7eqNl7, spotify:artist:5OG0IXzIqYPB67VMlEJOo0, spotify:artist:0NeoPmJb4LMYLHhX8OVaNA, spotify:artist:2pGRniGOJSOvYoK3dGaBb8","Pritam, Javed Ali, Irshan Ashraf, Shadab, Sayeed Quadri","spotify:album:3Ip9JCpT1IF9GvhAxzufTH","Tum Mile (Original Motion Picture Soundtrack)","spotify:artist:1wRPtKGflJrBx9BmLsSwlU","Pritam","2009-09-08","https://i.scdn.co/image/ab67616d0000b273bcb8ec035de7b2dda0f74660","1","3","302026","https://p.scdn.co/mp3-preview/b7e8019ebfba8526458df0775dba60607cfefcdf?cid=9950ac751e34487dbbe027c4fd7f8e99","false","75","INS170900406","spotify:user:31gkiwlwrhrkyha5xza67tm75kye","2026-04-13T17:53:51Z"
"spotify:track:2Fv2injs4qAm8mJBGaxVKU","Tujhe Kitna Chahne Lage (From ""Kabir Singh"")","spotify:artist:4YRxDV8wJFPHPTeXepOstw, spotify:artist:09UmIX92EUH9hAK4bxvHx6","Arijit Singh, Mithoon","spotify:album:3I8PdIhk6pNm8Kv0HiF14V","Tujhe Kitna Chahne Lage (From ""Kabir Singh"")","spotify:artist:4YRxDV8wJFPHPTeXepOstw, spotify:artist:09UmIX92EUH9hAK4bxvHx6","Arijit Singh, Mithoon","2019-05-31","https://i.scdn.co/image/ab67616d0000b273ba03ff79dad25f7c3542382f","1","1","284779","https://p.scdn.co/mp3-preview/092f63158ea9656db86c0d716dd834336c6d19e8?cid=9950ac751e34487dbbe027c4fd7f8e99","false","79","INS181902088","spotify:user:31gkiwlwrhrkyha5xza67tm75kye","2026-04-13T17:53:51Z"
"spotify:track:2S6N9pbnkhQRyAx80HmF79","Banjaara (From ""Ek Villain"")","spotify:artist:6QtJ6BVdj43aDpgjnVp2tY","Mohammed Irfan","spotify:album:6EHCTm248DJb77KFh7qfLj","Best Of Shraddha Kapoor","spotify:artist:6vYL9RV6m4NECOJzbGRbbV","Shraddha Kapoor","2017-03-03","https://i.scdn.co/image/ab67616d0000b273c8d81ccb980b57d373e91f62","1","4","336567","https://p.scdn.co/mp3-preview/2fb2fb52b9dade451e4b27fdaedecf3777eba749?cid=9950ac751e34487dbbe027c4fd7f8e99","false","62","INS181401028","spotify:user:31gkiwlwrhrkyha5xza67tm75kye","2026-04-13T17:53:51Z"
"spotify:track:3t3wsY5IdLVzB9WidegJSU","Jeene Laga Hoon","spotify:artist:1mBydYMVBECdDmMfE2sEUO, spotify:artist:2oSONSC9zQ4UonDKnLqksx, spotify:artist:0oOet2f43PA68X5RxKobEy","Sachin-Jigar, Atif Aslam, Shreya Ghoshal","spotify:album:1VgXTSQsIrRn150j5MJrxR","Ramaiya Vastavaiya (Original Motion Picture Soundtrack)","spotify:artist:1mBydYMVBECdDmMfE2sEUO, spotify:artist:6q29t5RuXxlBuqIZsOMQss","Sachin-Jigar, Priya Saraiya","2013-07-19","https://i.scdn.co/image/ab67616d0000b273cab73e6ac9bf4bf3c6931570","1","2","236933","https://p.scdn.co/mp3-preview/0c9bcd390a7544249175eb1734c0a7b561032b39?cid=9950ac751e34487dbbe027c4fd7f8e99","false","79","INT101301475","spotify:user:31gkiwlwrhrkyha5xza67tm75kye","2026-04-13T17:53:51Z"
"spotify:track:2tjWCe2W7sgvS3C8NHcdtI","Duniyaa (From ""Luka Chuppi"")","spotify:artist:6zZrFenNe3YPttxZsnQQs1, spotify:artist:1OPqAyxsQc8mcRmoNBAnVk, spotify:artist:52XgeWw24o4klNdfwvB0Vx, spotify:artist:70voqWnL1gpuxodufMgBt4","Akhil, Dhvani Bhanushali, Kunaal Vermaa, Abhijit Vaghani","spotify:album:5hzAIEMlQpsEGIQFvnFOQx","Duniyaa (From ""Luka Chuppi"")","spotify:artist:6zZrFenNe3YPttxZsnQQs1, spotify:artist:1OPqAyxsQc8mcRmoNBAnVk, spotify:artist:52XgeWw24o4klNdfwvB0Vx","Akhil, Dhvani Bhanushali, Kunaal Vermaa","2019-02-22","https://i.scdn.co/image/ab67616d0000b2737b93fd8b0ade33ceb9d536de","1","1","222500","https://p.scdn.co/mp3-preview/615d8699b9be2363bd0ad31a19a43846c63bd99f?cid=9950ac751e34487dbbe027c4fd7f8e99","false","73","INS181900390","spotify:user:31gkiwlwrhrkyha5xza67tm75kye","2026-04-13T17:53:51Z"
"spotify:track:5Tkf5CbtVYHA1SiKo1NrJE","Phir Aur Kya Chahiye (From ""Zara Hatke Zara Bachke"")","spotify:artist:1mBydYMVBECdDmMfE2sEUO, spotify:artist:4YRxDV8wJFPHPTeXepOstw, spotify:artist:2fMqTqiTxUDlmcOEPaQSsx","Sachin-Jigar, Arijit Singh, Amitabh Bhattacharya","spotify:album:1YD1A1RdHPNuRyhVSWsSOm","Zara Hatke Zara Bachke","spotify:artist:1mBydYMVBECdDmMfE2sEUO, spotify:artist:2fMqTqiTxUDlmcOEPaQSsx","Sachin-Jigar, Amitabh Bhattacharya","2023-08-25","https://i.scdn.co/image/ab67616d0000b273086a0de4ba75217274d94fb4","1","1","266075","https://p.scdn.co/mp3-preview/373161ecec289f1201eb298e9d1508db6f581592?cid=9950ac751e34487dbbe027c4fd7f8e99","false","63","INH102307527","spotify:user:31gkiwlwrhrkyha5xza67tm75kye","2026-04-13T17:53:51Z"
"spotify:track:6fScgF2Y63ScU73nYju0ny","O Saathi","spotify:artist:2oSONSC9zQ4UonDKnLqksx, spotify:artist:6jf2eKjiPT6P18RbOSLzf0","Atif Aslam, Arko","spotify:album:23L9JSXD0RrynRb71ZfL9A","O Saathi (From ""Baaghi 2"")","spotify:artist:2oSONSC9zQ4UonDKnLqksx, spotify:artist:6jf2eKjiPT6P18RbOSLzf0","Atif Aslam, Arko","2018-03-09","https://i.scdn.co/image/ab67616d0000b2733b7ae221866b5e81daf4483f","1","1","251818","https://p.scdn.co/mp3-preview/bb097ad9ef39431248c601681958444485192f34?cid=9950ac751e34487dbbe027c4fd7f8e99","false","76","INS181800584","spotify:user:31gkiwlwrhrkyha5xza67tm75kye","2026-04-13T17:53:51Z"
"spotify:track:27NovPIUIRrOZoCHxABJwK","INDUSTRY BABY (feat. Jack Harlow)","spotify:artist:7jVv8c5Fj3E9VhNjxT4snq, spotify:artist:2LIk90788K0zvyj2JJVwkJ","Lil Nas X, Jack Harlow","spotify:album:622NFw5Yk0OReMJ2XWcXUh","INDUSTRY BABY (feat. Jack Harlow)","spotify:artist:7jVv8c5Fj3E9VhNjxT4snq, spotify:artist:2LIk90788K0zvyj2JJVwkJ","Lil Nas X, Jack Harlow","2021-07-23","https://i.scdn.co/image/ab67616d0000b2738a09f10b028a8bb55bfed9b8","1","1","212000","https://p.scdn.co/mp3-preview/54ec4be3d4710f882df7237e349c83849549dd99?cid=9950ac751e34487dbbe027c4fd7f8e99","true","76","USSM12104539","spotify:user:31gkiwlwrhrkyha5xza67tm75kye","2026-04-13T17:53:51Z"
"spotify:track:0rlLBWFFTQiOWi963SH9bb","Choo Lo","spotify:artist:7b6Ui7JVaBDEfZB9k6nHL0","The Local Train","spotify:album:5xOkxpVDHdpWkI9mNfYXab","Aalas Ka Pedh","spotify:artist:7b6Ui7JVaBDEfZB9k6nHL0","The Local Train","2015-09-25","https://i.scdn.co/image/ab67616d0000b2738e001d2d4b55039b545d047e","1","4","233630","https://p.scdn.co/mp3-preview/c5d4e05e621bcdbd437dd7db50c5b318934b0851?cid=9950ac751e34487dbbe027c4fd7f8e99","false","72","INO131301172","spotify:user:31gkiwlwrhrkyha5xza67tm75kye","2026-04-13T17:53:51Z"
"spotify:track:6mTvwBzWTGDOVeCNQEqtOE","Soch Na Sake","spotify:artist:76fuWYgIf3TVIopTs3vaJ6, spotify:artist:4YRxDV8wJFPHPTeXepOstw, spotify:artist:0T1CMVkqffHlqEk4BcAph1","Amaal Mallik, Arijit Singh, Tulsi Kumar","spotify:album:1IwC3SdQXPgXSs8FLvOUju","Airlift","spotify:artist:76fuWYgIf3TVIopTs3vaJ6, spotify:artist:0E02VcvA5p1ndkLdqWD5JB","Amaal Mallik, Ankit Tiwari","2015-12-17","https://i.scdn.co/image/ab67616d0000b2736b047c1401c8c18a54e4377d","1","1","281322","https://p.scdn.co/mp3-preview/330e51578b83cabf38fdffb11d7308bc86bad29a?cid=9950ac751e34487dbbe027c4fd7f8e99","false","78","INS181502125","spotify:user:31gkiwlwrhrkyha5xza67tm75kye","2026-04-13T17:53:51Z"
"spotify:track:76KlitF04EX4WJoitJk60B","Har Kisi Ko","spotify:artist:4YRxDV8wJFPHPTeXepOstw, spotify:artist:3ZxZ03fj3tXBZHZWzvaLSM","Arijit Singh, Neeti Mohan","spotify:album:2hkXXiJ750zl9AaWOTYnK5","Akshay Kumar - Feeling Blue","spotify:artist:0LyfQWJT6nXafLPZqxe9Of","Various Artists","2016-09-01","https://i.scdn.co/image/ab67616d0000b273f04f889ac0a7ffdd8c23fd80","1","4","337046","https://p.scdn.co/mp3-preview/f7cede38c41d07dea721b899c2593d615709b762?cid=9950ac751e34487dbbe027c4fd7f8e99","false","32","INS181305660","spotify:user:31gkiwlwrhrkyha5xza67tm75kye","2026-04-13T17:53:51Z"
"spotify:track:2ZD4aIEepqZsdxPxLSuUhm","Tere Pyaar Mein","spotify:artist:1wRPtKGflJrBx9BmLsSwlU, spotify:artist:4YRxDV8wJFPHPTeXepOstw, spotify:artist:2fMqTqiTxUDlmcOEPaQSsx, spotify:artist:3tPQOjkxO3mrYrrgkTeXgH","Pritam, Arijit Singh, Amitabh Bhattacharya, Nikhita Gandhi","spotify:album:5uAi4ZZc7zRdd6PsKNcJXO","Tere Pyaar Mein (From ""Tu Jhoothi Main Makkaar"")","spotify:artist:1wRPtKGflJrBx9BmLsSwlU, spotify:artist:4YRxDV8wJFPHPTeXepOstw, spotify:artist:2fMqTqiTxUDlmcOEPaQSsx","Pritam, Arijit Singh, Amitabh Bhattacharya","2023-02-01","https://i.scdn.co/image/ab67616d0000b273fdd4cc7defb987b4c3aa2d9e","1","1","266094","https://p.scdn.co/mp3-preview/934085d1005df2d8d0e94833795f9a155dd77d64?cid=9950ac751e34487dbbe027c4fd7f8e99","false","72","INS182300213","spotify:user:31gkiwlwrhrkyha5xza67tm75kye","2026-04-13T17:53:51Z"
"spotify:track:7q0XU83dlXOzoAor3sulOM","Thoda Thoda Pyaar","spotify:artist:7BTWFChvstLB6ZCvuiUaZV, spotify:artist:0m3D4grap8VFSzbJMqgNVk, spotify:artist:1UAzmnFgjizIDvtHvnCdEq","Nilesh Ahuja, Kumaar, Stebin Ben","spotify:album:4LUJN2b97jHQui8LoQWnxp","Thoda Thoda Pyaar","spotify:artist:1UAzmnFgjizIDvtHvnCdEq, spotify:artist:7BTWFChvstLB6ZCvuiUaZV, spotify:artist:0m3D4grap8VFSzbJMqgNVk","Stebin Ben, Nilesh Ahuja, Kumaar","2021-02-12","https://i.scdn.co/image/ab67616d0000b273bb52f4d0546656ebcf9ed925","1","1","244724","","false","61","INZ031408749","spotify:user:31gkiwlwrhrkyha5xza67tm75kye","2026-04-13T17:53:51Z"
"spotify:track:3hkC9EHFZNQPXrtl8WPHnX","Agar Tum Saath Ho","spotify:artist:3gBKY0y3dFFVRqicLnVZYz, spotify:artist:4YRxDV8wJFPHPTeXepOstw","Alka Yagnik, Arijit Singh","spotify:album:2CUXo26JAWIbQx0EVMnjpA","Tamasha","spotify:artist:1mYsTxnqsietFxj1OgoGbG, spotify:artist:3GdSQUH1BRtl9UrrtuwJlP","A.R. Rahman, Irshad Kamil","2015-10-16","https://i.scdn.co/image/ab67616d0000b273da50894e074ecd5ce61de0a1","1","3","341054","https://p.scdn.co/mp3-preview/337567e59bd647a7294a8c0afefa9ccf3e8a6d27?cid=9950ac751e34487dbbe027c4fd7f8e99","false","75","INS181501796","spotify:user:31gkiwlwrhrkyha5xza67tm75kye","2026-04-13T17:53:51Z"
"spotify:track:30Aof6iEIZDwYukcB98AOc","Simroon Tera Naam (From ""Yaariyan 2"")","spotify:artist:3pQ4aA7dkolyjUAMrVScgh, spotify:artist:6WOdPJmexxFINcKMkP2jMG, spotify:artist:5HcunTidTUrOaf8V0iJcvl","Manan Bhardwaj, Sachet Tandon, Nusrat Fateh Ali Khan","spotify:album:6eLhD8tvqlonibwg4g0Blc","Simroon Tera Naam (From ""Yaariyan 2"")","spotify:artist:3pQ4aA7dkolyjUAMrVScgh, spotify:artist:6WOdPJmexxFINcKMkP2jMG, spotify:artist:5HcunTidTUrOaf8V0iJcvl","Manan Bhardwaj, Sachet Tandon, Nusrat Fateh Ali Khan","2023-09-06","https://i.scdn.co/image/ab67616d0000b273f0ec64d7f4b25ef82e0d03bc","1","1","258130","https://p.scdn.co/mp3-preview/21d930b649e4d1a4c3eb25f0e2a923b06790cb01?cid=9950ac751e34487dbbe027c4fd7f8e99","false","58","INS182302513","spotify:user:31gkiwlwrhrkyha5xza67tm75kye","2026-04-13T17:53:51Z"
"spotify:track:6zCQF5tu7HVwU9shhKqiuF","Khamoshiyan","spotify:artist:2kkQthS9OLpK4UqNWYqoVl, spotify:artist:4YRxDV8wJFPHPTeXepOstw, spotify:artist:5r2baeTwcCJnuIsDIlxUJo","Jeet Gannguli, Arijit Singh, Rashmi Virag","spotify:album:6mJIpY6r2SzZbLN3ClYCbb","Khamoshiyan (Original Motion Picture Soundtrack)","spotify:artist:2kkQthS9OLpK4UqNWYqoVl, spotify:artist:1rE9rcfuxT0YplchxCgynK, spotify:artist:0E02VcvA5p1ndkLdqWD5JB","Jeet Gannguli, Bobby-Imran, Ankit Tiwari","2014-12-29","https://i.scdn.co/image/ab67616d0000b273e46104d82a7ca20d7efc7d97","1","1","335709","https://p.scdn.co/mp3-preview/515533d5ae056e4e6b4cba7262e7efd116745ba5?cid=9950ac751e34487dbbe027c4fd7f8e99","false","73","INS171402465","spotify:user:31gkiwlwrhrkyha5xza67tm75kye","2026-04-13T17:53:51Z"
"spotify:track:4y1nvncvBhdoelqPMyXxis","Fearless Pt. II","spotify:artist:157L8iTHgbdrKVxdQEXluh, spotify:artist:5Wpn7BDRJ8oq7CcF1EufWI","Lost Sky, Chris Linton","spotify:album:47iQRvTe8uiasjN9jIS1nr","Fearless Pt. II","spotify:artist:157L8iTHgbdrKVxdQEXluh, spotify:artist:5Wpn7BDRJ8oq7CcF1EufWI","Lost Sky, Chris Linton","2017-12-23","https://i.scdn.co/image/ab67616d0000b273df7c14e866cf14a259563ca1","1","1","194181","https://p.scdn.co/mp3-preview/7eb7433413227caca6b4c90fe3338e00c863979f?cid=9950ac751e34487dbbe027c4fd7f8e99","false","43","GB2LD1700381","spotify:user:31gkiwlwrhrkyha5xza67tm75kye","2026-04-13T17:53:51Z"
"spotify:track:56zZ48jdyY2oDXHVnwg5Di","Tum Hi Ho","spotify:artist:4YRxDV8wJFPHPTeXepOstw, spotify:artist:09UmIX92EUH9hAK4bxvHx6","Arijit Singh, Mithoon","spotify:album:0Rkv5iqjF2uenfL0OVB8hg","Aashiqui 2","spotify:artist:09UmIX92EUH9hAK4bxvHx6, spotify:artist:0E02VcvA5p1ndkLdqWD5JB, spotify:artist:2kkQthS9OLpK4UqNWYqoVl","Mithoon, Ankit Tiwari, Jeet Gannguli","2013-04-06","https://i.scdn.co/image/ab67616d0000b2736404721c1943d5069f0805f3","1","1","261974","https://p.scdn.co/mp3-preview/bce0f462dcd5e3b80dd21d28a0ed0dd25500cb59?cid=9950ac751e34487dbbe027c4fd7f8e99","false","78","INS181303031","spotify:user:31gkiwlwrhrkyha5xza67tm75kye","2026-04-13T17:53:51Z"
"spotify:track:06zJUeKU5KFy50Cho6pDcr","Aasan Nahin Yahan","spotify:artist:4YRxDV8wJFPHPTeXepOstw, spotify:artist:2kkQthS9OLpK4UqNWYqoVl, spotify:artist:3GdSQUH1BRtl9UrrtuwJlP","Arijit Singh, Jeet Gannguli, Irshad Kamil","spotify:album:0Rkv5iqjF2uenfL0OVB8hg","Aashiqui 2","spotify:artist:09UmIX92EUH9hAK4bxvHx6, spotify:artist:0E02VcvA5p1ndkLdqWD5JB, spotify:artist:2kkQthS9OLpK4UqNWYqoVl","Mithoon, Ankit Tiwari, Jeet Gannguli","2013-04-06","https://i.scdn.co/image/ab67616d0000b2736404721c1943d5069f0805f3","1","8","214470","https://p.scdn.co/mp3-preview/68d1a780ca883be055b8f92bbff0988613512a72?cid=9950ac751e34487dbbe027c4fd7f8e99","false","71","INS181303038","spotify:user:31gkiwlwrhrkyha5xza67tm75kye","2026-04-13T17:53:51Z"
"spotify:track:2iGnFW7m517taq3AJIE6DK","Milne Hai Mujhse Aayi","spotify:artist:4YRxDV8wJFPHPTeXepOstw, spotify:artist:2kkQthS9OLpK4UqNWYqoVl, spotify:artist:3GdSQUH1BRtl9UrrtuwJlP","Arijit Singh, Jeet Gannguli, Irshad Kamil","spotify:album:0Rkv5iqjF2uenfL0OVB8hg","Aashiqui 2","spotify:artist:09UmIX92EUH9hAK4bxvHx6, spotify:artist:0E02VcvA5p1ndkLdqWD5JB, spotify:artist:2kkQthS9OLpK4UqNWYqoVl","Mithoon, Ankit Tiwari, Jeet Gannguli","2013-04-06","https://i.scdn.co/image/ab67616d0000b2736404721c1943d5069f0805f3","1","10","295798","https://p.scdn.co/mp3-preview/f335ab6a065a21e1259f4472594b64bdc1a66798?cid=9950ac751e34487dbbe027c4fd7f8e99","false","70","INS181303040","spotify:user:31gkiwlwrhrkyha5xza67tm75kye","2026-04-13T17:53:51Z"
"spotify:track:16XEVyPh5NT31CAAqPbxQF","Aankhein Khuli","spotify:artist:4YgUVg4p7xtMOrOS4GjiJZ, spotify:artist:61JrslREXq98hurYL2hYoc, spotify:artist:70B80Lwx2sxti0M1Ng9e8K, spotify:artist:6lJSXbir8V0GruDu5r07Un, spotify:artist:4OYgq5HqicvfcYOIyjsvYE, spotify:artist:1UArumT3RYiSSbvYTxXRAY, spotify:artist:4L0JycQCCwKksT3G5SVApu, spotify:artist:3m1AeR9ODWpnXqeHQ4VdS7, spotify:artist:0NHOjXrjKEiChop2sZkhdS, spotify:artist:3Bku4b0uiR8KJSXu7U8Iyy","Jatin-Lalit, Lata Mangeshkar, Udit Narayan, Udbhav, Manohar Shetty, Ishaan, Shweta Pandit, Sonali Bhatawdekar, Pritha Mazumdar, Anand Bakshi","spotify:album:2HeqbIcBcggDsgNCHcGN1h","Mohabbatein","spotify:artist:4YgUVg4p7xtMOrOS4GjiJZ","Jatin-Lalit","2000-08-27","https://i.scdn.co/image/ab67616d0000b27305a0d368c0fbf69c9a76bc81","1","4","422713","https://p.scdn.co/mp3-preview/c8bd590dc6a8d0bb1f147d89bef7711b89657a72?cid=9950ac751e34487dbbe027c4fd7f8e99","false","70","INY090000004","spotify:user:31gkiwlwrhrkyha5xza67tm75kye","2026-04-13T17:53:51Z"
"spotify:track:3B3MQlP4NPAxE2HEE2sEsS","Pyar Hua Iqrar Hua","spotify:artist:4kcoiVXIxvUoLUoHY1vJYU, spotify:artist:61JrslREXq98hurYL2hYoc","Manna Dey, Lata Mangeshkar","spotify:album:0WzbgAopzfxj49ucK5RXmE","Shree 420","spotify:artist:1Ss4YdByiwTuR5Fh9e89sc, spotify:artist:66fbGcYDp66VzjaYFyLg8S, spotify:artist:7rz27ACmehnqKMcd48irkL","Shankar Jaikishan, Shailendra, Hasrat Jaipuri","1955-06-09","https://i.scdn.co/image/ab67616d0000b273dcc4cb5aeef59f99a7101df6","1","3","260426","https://p.scdn.co/mp3-preview/8d31859cce9ed91d295d7654d17fe0aff01baa36?cid=9950ac751e34487dbbe027c4fd7f8e99","false","56","INH109239630","spotify:user:31gkiwlwrhrkyha5xza67tm75kye","2026-04-13T17:53:51Z"
"spotify:track:0eCajpR75pDW0r64U6hP2x","Jo Tum Mere Ho","spotify:artist:4gdMJYnopf2nEUcanAwstx","Anuv Jain","spotify:album:0upenH0uUT36nBbVM5mQhW","Jo Tum Mere Ho","spotify:artist:4gdMJYnopf2nEUcanAwstx","Anuv Jain","2024-08-02","https://i.scdn.co/image/ab67616d0000b27372a77d038887cdc425f5ee55","1","1","251813","","false","83","INUM72400721","spotify:user:31gkiwlwrhrkyha5xza67tm75kye","2026-04-13T17:53:51Z"
"spotify:track:5OMUXgfXsSukZ0zxelpC3b","Raanjhanaa (From ""Raanjhanaa"")","spotify:artist:1mYsTxnqsietFxj1OgoGbG, spotify:artist:2IP4wcE4hRbDi1zdV8Si6g, spotify:artist:7DcUua74PM7MmBljTTjIyy","A.R. Rahman, Jaswinder Singh, Shiraz Uppal","spotify:album:24C47633GRlozws7WBth7t","Raanjhanaa (Original Motion Picture Soundtrack)","spotify:artist:1mYsTxnqsietFxj1OgoGbG, spotify:artist:3GdSQUH1BRtl9UrrtuwJlP","A.R. Rahman, Irshad Kamil","2013-05-31","https://i.scdn.co/image/ab67616d0000b2730c556f210b927ca230f32241","1","1","254100","https://p.scdn.co/mp3-preview/4fc331eeec4682ecb3e6868cc400a57162a93708?cid=9950ac751e34487dbbe027c4fd7f8e99","false","78","INS171300392","spotify:user:31gkiwlwrhrkyha5xza67tm75kye","2026-04-13T17:53:51Z"
"spotify:track:2ceeTJAzKy295Fm0VsaXtE","Tum Se (From ""Teri Baaton Mein Aisa Uljha Jiya"")","spotify:artist:1mBydYMVBECdDmMfE2sEUO, spotify:artist:3qpyErDI4i90q5EGgSRmNK, spotify:artist:4gzrZDyL5gYiROkv27pYKx, spotify:artist:7xcbCUOXrxDyWxbYxPq60B","Sachin-Jigar, Raghav Chaitanya, Varun Jain, Indraneel","spotify:album:3vVIhgkDoC0vRBba5drHPe","Tum Se (From ""Teri Baaton Mein Aisa Uljha Jiya"")","spotify:artist:1mBydYMVBECdDmMfE2sEUO, spotify:artist:3qpyErDI4i90q5EGgSRmNK, spotify:artist:4gzrZDyL5gYiROkv27pYKx","Sachin-Jigar, Raghav Chaitanya, Varun Jain","2024-02-02","https://i.scdn.co/image/ab67616d0000b273b608e9bcf3845d082d1d559e","1","1","264089","https://p.scdn.co/mp3-preview/8098e64d287b7aae0cf52ac9241c73b037b59b84?cid=9950ac751e34487dbbe027c4fd7f8e99","false","77","INS182400341","spotify:user:31gkiwlwrhrkyha5xza67tm75kye","2026-04-13T17:53:51Z"
"spotify:track:1hlbywc8Jhl1FFqJxAMabE","Ishq","spotify:artist:05etL4pzWd6TSv1x5WrlG3, spotify:artist:22UtphG4LcwxlhhV0aP4js, spotify:artist:6MPuzz9hPrs4TwxeHh4cEj","Faheem Abdullah, Rauhan Malik, Amir Ameer","spotify:album:013jUXOfDFXnDMBetTdsiH","Lost;Found","spotify:artist:05etL4pzWd6TSv1x5WrlG3","Faheem Abdullah","2024-05-25","https://i.scdn.co/image/ab67616d0000b2730de04fd2c7c3bdc0a1d765f5","1","9","224842","https://p.scdn.co/mp3-preview/c09d0eed5f995f7784edf47e3ac9556dabef212e?cid=9950ac751e34487dbbe027c4fd7f8e99","false","83","FR96X2451081","spotify:user:31gkiwlwrhrkyha5xza67tm75kye","2026-04-13T17:53:51Z"
"spotify:track:0VjIjW4GlUZAMYd2vXMi3b","Blinding Lights","spotify:artist:1Xyo4u8uXC1ZmMpatF05PJ","The Weeknd","spotify:album:4yP0hdKOZPNshxUOjY0cZj","After Hours","spotify:artist:1Xyo4u8uXC1ZmMpatF05PJ","The Weeknd","2020-03-20","https://i.scdn.co/image/ab67616d0000b2738863bc11d2aa12b54f5aeb36","1","9","200040","","false","91","USUG11904206","spotify:user:31gkiwlwrhrkyha5xza67tm75kye","2026-04-13T17:53:51Z"
"spotify:track:7qiZfU4dY1lWllzX7mPBI3","Shape of You","spotify:artist:6eUKZXaKkcviH0Ku9w2n3V","Ed Sheeran","spotify:album:3T4tUhGYeRNVUGevb0wThu","÷ (Deluxe)","spotify:artist:6eUKZXaKkcviH0Ku9w2n3V","Ed Sheeran","2017-03-03","https://i.scdn.co/image/ab67616d0000b273ba5db46f4b838ef6027e6f96","1","4","233712","https://p.scdn.co/mp3-preview/7339548839a263fd721d01eb3364a848cad16fa7?cid=9950ac751e34487dbbe027c4fd7f8e99","false","91","GBAHS1600463","spotify:user:31gkiwlwrhrkyha5xza67tm75kye","2026-04-13T17:53:51Z"
"spotify:track:3KkXRkHbMCARz0aVfEt68P","Sunflower - Spider-Man: Into the Spider-Verse","spotify:artist:246dkjvS1zLTtiykXe5h60, spotify:artist:1zNqQNIdeOUZHb8zbZRFMX","Post Malone, Swae Lee","spotify:album:35s58BRTGAEWztPo9WqCIs","Spider-Man: Into the Spider-Verse (Soundtrack From & Inspired by the Motion Picture)","spotify:artist:0LyfQWJT6nXafLPZqxe9Of","Various Artists","2018-12-14","https://i.scdn.co/image/ab67616d0000b273e2e352d89826aef6dbd5ff8f","1","2","158040","","false","85","USUM71814888","spotify:user:31gkiwlwrhrkyha5xza67tm75kye","2026-04-13T17:53:51Z"
"spotify:track:6CDzDgIUqeDY5g8ujExx2f","Heat Waves","spotify:artist:4yvcSjfu4PC0CYQyLy4wSq","Glass Animals","spotify:album:69K1zrf6TkXHdYUO8n2qVi","Heat Waves","spotify:artist:4yvcSjfu4PC0CYQyLy4wSq","Glass Animals","2020-06-29","https://i.scdn.co/image/ab67616d0000b273ab9d1ae18b640b7b0ce390d4","1","1","238805","","false","9","GBUM72000433","spotify:user:31gkiwlwrhrkyha5xza67tm75kye","2026-04-13T17:53:51Z"
"spotify:track:3PfIrDoz19wz7qK7tYeu62","Don't Start Now","spotify:artist:6M2wZ9GZgrQXHCFfjv46we","Dua Lipa","spotify:album:7fJJK56U9fHixgO0HQkhtI","Future Nostalgia","spotify:artist:6M2wZ9GZgrQXHCFfjv46we","Dua Lipa","2020-03-27","https://i.scdn.co/image/ab67616d0000b273c88bae7846e62a8ba59ee0bd","1","2","183290","https://p.scdn.co/mp3-preview/9e280fe5460e415f6da318071609e1823feba309?cid=9950ac751e34487dbbe027c4fd7f8e99","false","84","GBAHT1901121","spotify:user:31gkiwlwrhrkyha5xza67tm75kye","2026-04-13T17:53:51Z"
"spotify:track:0tKcYR2II1VCQWT79i5NrW","Thunder","spotify:artist:53XhwfbYqKCa1cC15pYq2q","Imagine Dragons","spotify:album:5GlPAy2PRJW06GVFhKwGTl","Evolve","spotify:artist:53XhwfbYqKCa1cC15pYq2q","Imagine Dragons","2017-06-23","https://i.scdn.co/image/ab67616d0000b2737956bd9a3d7a15e4c2e37cc6","1","9","187146","","false","7","USUM71704167","spotify:user:31gkiwlwrhrkyha5xza67tm75kye","2026-04-13T17:53:51Z"
"spotify:track:11uvudmvZBzG2ztQsOB5sF","Mortals","spotify:artist:153gpNcKRhv5Cn30q375Mr","Warriyo","spotify:album:0JhCeDwLctpO8clf63QtZs","Mortals","spotify:artist:153gpNcKRhv5Cn30q375Mr","Warriyo","2016-12-15","https://i.scdn.co/image/ab67616d0000b2738dcc1482aa0ffeb1143905a2","1","1","228340","https://p.scdn.co/mp3-preview/14d0dd57aa1d1563e4a61597025af3d09d3ef916?cid=9950ac751e34487dbbe027c4fd7f8e99","false","44","GB2LD0902603","spotify:user:31gkiwlwrhrkyha5xza67tm75kye","2026-04-13T17:53:51Z"
"spotify:track:32U1XMh3DKlm45uvpofhvY","Zaroorat","spotify:artist:71oGOxg5ez52Hh1Ye41A98, spotify:artist:09UmIX92EUH9hAK4bxvHx6","Mustafa Zahid, Mithoon","spotify:album:3EkmvTqyKrnMw1WiVpsSwF","Ek Villain","spotify:artist:09UmIX92EUH9hAK4bxvHx6, spotify:artist:0E02VcvA5p1ndkLdqWD5JB","Mithoon, Ankit Tiwari","2014-05-28","https://i.scdn.co/image/ab67616d0000b273a2ef89ae0f8d1848081c1449","1","3","368852","https://p.scdn.co/mp3-preview/56d17d7d23a56e42eb18c3c026c7664911b79185?cid=9950ac751e34487dbbe027c4fd7f8e99","false","69","INS181401037","spotify:user:31gkiwlwrhrkyha5xza67tm75kye","2026-04-13T17:53:51Z"
"spotify:track:3hB9lDLyAClYVZivMMl20N","Co2","spotify:artist:0tC995Rfn9k2l7nqgCZsV7","Prateek Kuhad","spotify:album:4WLh56ZjwINYBNhaxLvEhA","The Way That Lovers Do","spotify:artist:0tC995Rfn9k2l7nqgCZsV7","Prateek Kuhad","2022-05-20","https://i.scdn.co/image/ab67616d0000b273dc8799fc0000992578ec96e9","1","4","163653","https://p.scdn.co/mp3-preview/edaf3c09dc11d2149a74d4e8b4a466f32a3fe15b?cid=9950ac751e34487dbbe027c4fd7f8e99","false","72","USAT22201719","spotify:user:31gkiwlwrhrkyha5xza67tm75kye","2026-04-13T17:53:51Z"
"spotify:track:54SQet8YMttOgTqDNGcGpe","Sau Tarah Ke","spotify:artist:1wRPtKGflJrBx9BmLsSwlU, spotify:artist:00sCATpEvwH48ays7PlQFU, spotify:artist:2LgKrgRJcbJlt14i1LTzDU, spotify:artist:0m3D4grap8VFSzbJMqgNVk, spotify:artist:03veJpSIc7GAx0mPLcskjI","Pritam, Jonita Gandhi, Amit Mishra, Kumaar, Ashish Pandit","spotify:album:6DtMXD2zJumu3R2e54OVKT","Dishoom","spotify:artist:1wRPtKGflJrBx9BmLsSwlU","Pritam","2016-07-15","https://i.scdn.co/image/ab67616d0000b273d40f14fbc589329567858fc0","1","1","238994","https://p.scdn.co/mp3-preview/35b226ac55e8fc34eda4ae5823c97ae396ce2dbb?cid=9950ac751e34487dbbe027c4fd7f8e99","false","69","INS181600966","spotify:user:31gkiwlwrhrkyha5xza67tm75kye","2026-04-13T17:53:51Z"
"spotify:track:6KHyq9vmS622R9iwpEAdvm","Yeh Vaada Raha - Tu Tu Hai Wahi / From “Yeh Vaada Raha”","spotify:artist:0GF4shudTAFv8ak9eWdd4Y, spotify:artist:5as8A4G47Ohu9NSWs3Je8U, spotify:artist:2JSYASbWU5Y0fVpts3Eq7g","Kishore Kumar, Asha Bhosle, R. D. Burman","spotify:album:544y2T37oZa6e5ZlJGrlmJ","Kishore Kumar's Golden Voice","spotify:artist:0GF4shudTAFv8ak9eWdd4Y","Kishore Kumar","2023-06-20","https://i.scdn.co/image/ab67616d0000b273643a1979ecbec428f6ff3a18","1","6","407293","","false","40","INUM70500760","spotify:user:31gkiwlwrhrkyha5xza67tm75kye","2026-04-13T17:53:51Z"
"spotify:track:10DNPOKT0QF0uw5GTCULrD","Sanson Ki Mala Pe","spotify:artist:3hFERlDTKXFrUszhjBWiWg","Xariya","spotify:album:7MYL0VnFYsNX9DNubR0EqT","Sanson Ki Mala Pe","spotify:artist:3hFERlDTKXFrUszhjBWiWg","Xariya","2025-02-15","https://i.scdn.co/image/ab67616d0000b2732dec05eb028d52c219932531","1","1","282865","","false","0","QZES92560065","spotify:user:31gkiwlwrhrkyha5xza67tm75kye","2026-04-13T17:53:51Z"
"spotify:track:25Yg2ntPhCsLpx0x3wp9nX","Sanson Ki Mala Pe - Cover","spotify:artist:7Mvajuzos6NgbClbKdv96H, spotify:artist:6TD7ynS1CZNCp1JX7rmKtm","André Antunes, Shan Padman","spotify:album:2cenRUc0ElmlNb5agTmIjC","Sanson Ki Mala Pe (Cover)","spotify:artist:7Mvajuzos6NgbClbKdv96H","André Antunes","2023-05-11","https://i.scdn.co/image/ab67616d0000b273002167f2affb1a127bf1a0ee","1","1","285263","","false","0","QZK6M2336502","spotify:user:31gkiwlwrhrkyha5xza67tm75kye","2026-04-13T17:53:51Z"
"spotify:track:54OBgO0Xwu20Jak9TMXbR7","Wellerman - Sea Shanty","spotify:artist:1PKErrAhYFdfrDymGHRQRo","Nathan Evans","spotify:album:1AK6peN1DwvYRXN19cqWoP","Wellerman (Sea Shanty)","spotify:artist:1PKErrAhYFdfrDymGHRQRo","Nathan Evans","2021-01-21","https://i.scdn.co/image/ab67616d0000b273db24f6590f4ad36048076521","1","1","155333","","false","73","GBUM72100297","spotify:user:31gkiwlwrhrkyha5xza67tm75kye","2026-04-13T17:53:51Z"
"spotify:track:0rk2X5TAhraBC5aCIXK2Rq","Samjhawan","spotify:artist:2gXOOKY8mmJG6iwHrTq9gp, spotify:artist:0FJz7XR37hH69traaHLijA, spotify:artist:4YRxDV8wJFPHPTeXepOstw, spotify:artist:0oOet2f43PA68X5RxKobEy","Jawad Ahmad, Shaarib Toshi, Arijit Singh, Shreya Ghoshal","spotify:album:6XgV61OBbr8gHlXdAQ89Sj","Samjhawan","spotify:artist:2gXOOKY8mmJG6iwHrTq9gp","Jawad Ahmad","2014-06-19","https://i.scdn.co/image/ab67616d0000b2738a7ae7092464f6685355dc3c","1","1","269184","https://p.scdn.co/mp3-preview/f0744c4f3d11be1a2dd1dba5e32b485aeb181bdd?cid=9950ac751e34487dbbe027c4fd7f8e99","false","83","INS171401263","spotify:user:31gkiwlwrhrkyha5xza67tm75kye","2026-04-13T17:53:51Z"
"spotify:track:12CXx3gXBn9QjGSNYzEh05","MATUSHKA ULTRAFUNK","spotify:artist:7g38XDW5EXI4dMTUkYjVTO","satirin","spotify:album:1SYGCQXfhjL8KnMXQ6ImsK","MATUSHKA ULTRAFUNK","spotify:artist:7g38XDW5EXI4dMTUkYjVTO","satirin","2024-12-13","https://i.scdn.co/image/ab67616d0000b2730b14c78dd9d86d9bec6b9471","1","1","144466","https://p.scdn.co/mp3-preview/1159383a3d5b50187c0399d3c9b2404634d176cf?cid=9950ac751e34487dbbe027c4fd7f8e99","false","69","CA5KR2497631","spotify:user:31gkiwlwrhrkyha5xza67tm75kye","2026-04-13T17:53:51Z"
"spotify:track:1K6axkQVqzv1votwRFy9FB","Матушка","spotify:artist:05MQiIv63Y3WL4AXG1Zo3E","Татьяна Куртукова","spotify:album:1WPOlLehwFTllhflprqZDy","Матушка","spotify:artist:05MQiIv63Y3WL4AXG1Zo3E","Татьяна Куртукова","2022-11-04","https://i.scdn.co/image/ab67616d0000b27366d1cde681f3dc3b8fea37e1","1","1","172993","https://p.scdn.co/mp3-preview/7e8ca937cd7170a5c2fb80200b52f5601b3bb64f?cid=9950ac751e34487dbbe027c4fd7f8e99","false","72","QZW9L2252176","spotify:user:31gkiwlwrhrkyha5xza67tm75kye","2026-04-13T17:53:51Z"
"spotify:track:1r9xUipOqoNwggBpENDsvJ","Enemy (with JID) - from the series Arcane League of Legends","spotify:artist:53XhwfbYqKCa1cC15pYq2q, spotify:artist:6U3ybJ9UHNKEdsH7ktGBZ7, spotify:artist:57nPqD7z62gDdq37US9XJR, spotify:artist:47mIJdHORyRerp4os813jD","Imagine Dragons, JID, Arcane, League of Legends","spotify:album:1bTgKomQYSkKYPD9UI9W4b","Enemy (with JID) [from the series Arcane League of Legends]","spotify:artist:53XhwfbYqKCa1cC15pYq2q, spotify:artist:6U3ybJ9UHNKEdsH7ktGBZ7, spotify:artist:57nPqD7z62gDdq37US9XJR","Imagine Dragons, JID, Arcane","2021-10-28","https://i.scdn.co/image/ab67616d0000b273aa597e50829169e6994eb403","1","1","173381","","false","76","USUM72119916","spotify:user:31gkiwlwrhrkyha5xza67tm75kye","2026-04-13T17:53:51Z"
"spotify:track:5ivRSlOhVIXN2QMzqgsX0s","Aaoge Tum Kabhi","spotify:artist:7b6Ui7JVaBDEfZB9k6nHL0","The Local Train","spotify:album:5xOkxpVDHdpWkI9mNfYXab","Aalas Ka Pedh","spotify:artist:7b6Ui7JVaBDEfZB9k6nHL0","The Local Train","2015-09-25","https://i.scdn.co/image/ab67616d0000b2738e001d2d4b55039b545d047e","1","2","313163","https://p.scdn.co/mp3-preview/d7628e3bcc3a0abedaf8be874ab1e0caf720e2c7?cid=9950ac751e34487dbbe027c4fd7f8e99","false","69","INO131301170","spotify:user:31gkiwlwrhrkyha5xza67tm75kye","2026-04-13T17:53:51Z"
"spotify:track:6jUqTvRGOOyJmhxDQaWpNb","Zaroorat (From ""Ek Villain"")","spotify:artist:71oGOxg5ez52Hh1Ye41A98","Mustafa Zahid","spotify:album:6EHCTm248DJb77KFh7qfLj","Best Of Shraddha Kapoor","spotify:artist:6vYL9RV6m4NECOJzbGRbbV","Shraddha Kapoor","2017-03-03","https://i.scdn.co/image/ab67616d0000b273c8d81ccb980b57d373e91f62","1","11","368852","https://p.scdn.co/mp3-preview/56d17d7d23a56e42eb18c3c026c7664911b79185?cid=9950ac751e34487dbbe027c4fd7f8e99","false","55","INS181401037","spotify:user:31gkiwlwrhrkyha5xza67tm75kye","2026-04-13T17:53:51Z"
"spotify:track:1y1rQTkWmrZdJmjwuK07GC","Kaise Hua (From ""Kabir Singh"")","spotify:artist:5wJ1H6ud777odtZl5gG507, spotify:artist:4cAERazLlAzVGA10ORWaUP","Vishal Mishra, Manoj Muntashir","spotify:album:1ncyKqyZae6DoyjYaV9LmS","Kaise Hua (From ""Kabir Singh"")","spotify:artist:5wJ1H6ud777odtZl5gG507, spotify:artist:4cAERazLlAzVGA10ORWaUP","Vishal Mishra, Manoj Muntashir","2019-06-13","https://i.scdn.co/image/ab67616d0000b273ce1f4349305971b5beb75fcd","1","1","234722","https://p.scdn.co/mp3-preview/b97ddc4e8cff2f02d4242a3b16830defe0b0a532?cid=9950ac751e34487dbbe027c4fd7f8e99","false","78","INS181903732","spotify:user:31gkiwlwrhrkyha5xza67tm75kye","2026-04-13T17:53:51Z"
"spotify:track:7qchN9iUKSFijPsadG9m2w","Tera Ghata","spotify:artist:1yzgJmZf5CxtFfGfRFm4Si","Gajendra Verma","spotify:album:2DoX2hWm9jI6e00uWYu4QK","Tera Ghata","spotify:artist:1yzgJmZf5CxtFfGfRFm4Si","Gajendra Verma","2018-05-19","https://i.scdn.co/image/ab67616d0000b2736e7aabc7eaf60f2c1eee2b16","1","1","254173","https://p.scdn.co/mp3-preview/4fcfc015550a70ee804cec646aee3b98f09901ed?cid=9950ac751e34487dbbe027c4fd7f8e99","false","72","INV421800029","spotify:user:31gkiwlwrhrkyha5xza67tm75kye","2026-04-13T17:53:51Z"
"spotify:track:0qmhTHMVxnXRmT5N92wTD9","Bloodline","spotify:artist:0fTSzq9jAh4c36UVb4V7CB, spotify:artist:19k8AgwwTSxeaxkOuCQEJs","Alex Warren, Jelly Roll","spotify:album:2KoAn4MyptQWG1qBx7mu01","Bloodline","spotify:artist:0fTSzq9jAh4c36UVb4V7CB, spotify:artist:19k8AgwwTSxeaxkOuCQEJs","Alex Warren, Jelly Roll","2025-05-22","https://i.scdn.co/image/ab67616d0000b27377550dd0c126ef359f3c3a4f","1","1","182008","https://p.scdn.co/mp3-preview/91674861c16a6d3a0fd82b432e0a20e86d5894ba?cid=9950ac751e34487dbbe027c4fd7f8e99","false","77","USAT22503114","spotify:user:31gkiwlwrhrkyha5xza67tm75kye","2026-04-13T17:53:51Z"
"spotify:track:4RY8NabvRv6Y95x96asZbr","Expiration Dating","spotify:artist:7t6dcfG1BhMh3LTAXhxmeL","Madelline","spotify:album:6FFDFr43db7FFvrpOT6xAg","Expiration Dating","spotify:artist:7t6dcfG1BhMh3LTAXhxmeL","Madelline","2025-05-20","https://i.scdn.co/image/ab67616d0000b2736ec87f3e7aee7e12c857f4f9","1","1","180652","https://p.scdn.co/mp3-preview/9044bdd332a8f1696e4ef85436c0273b4c9458c8?cid=9950ac751e34487dbbe027c4fd7f8e99","false","55","TCAJN2563871","spotify:user:31gkiwlwrhrkyha5xza67tm75kye","2026-04-13T17:53:51Z"
"spotify:track:6y5SuF4NxGkvwpAdqcAkD3","Ve Kamleya (From ""Rocky Aur Rani Kii Prem Kahaani"")","spotify:artist:1wRPtKGflJrBx9BmLsSwlU, spotify:artist:4YRxDV8wJFPHPTeXepOstw, spotify:artist:0oOet2f43PA68X5RxKobEy, spotify:artist:6WixbETKEXH0xBf0OB9kRB, spotify:artist:38IHJBGBuaYXHEkIQd4DtF, spotify:artist:2fMqTqiTxUDlmcOEPaQSsx","Pritam, Arijit Singh, Shreya Ghoshal, Shadab Faridi, Altamash Faridi, Amitabh Bhattacharya","spotify:album:6FfXtcC6KsOTOO3GehQZ8x","Rocky Aur Rani Kii Prem Kahaani","spotify:artist:1wRPtKGflJrBx9BmLsSwlU, spotify:artist:2fMqTqiTxUDlmcOEPaQSsx","Pritam, Amitabh Bhattacharya","2024-05-15","https://i.scdn.co/image/ab67616d0000b273fc02a05930a6cde09ec57678","1","3","246988","https://p.scdn.co/mp3-preview/b054f14100aea12d6aa66be44ef761ec2891cf95?cid=9950ac751e34487dbbe027c4fd7f8e99","false","69","INH102310310","spotify:user:31gkiwlwrhrkyha5xza67tm75kye","2026-04-13T17:53:51Z"
"spotify:track:0zQfcBB4obvYUrUNITmyyf","Teri Meri Kahaani","spotify:artist:3yMmYEklQ7gLOZXEFNd3xr, spotify:artist:0qSfAhYhb7KWEuiLuooBaE, spotify:artist:4YRxDV8wJFPHPTeXepOstw","Palak Muchhal, Manoj Yadav, Arijit Singh","spotify:album:3geNMSQQ6FjrYqRbpPqZIc","Best Of Palak Muchhal","spotify:artist:3yMmYEklQ7gLOZXEFNd3xr","Palak Muchhal","2024-05-03","https://i.scdn.co/image/ab67616d0000b273ddb28b5aa28575745289c85a","1","4","331443","","false","66","INZ031400534","spotify:user:31gkiwlwrhrkyha5xza67tm75kye","2026-04-13T17:53:51Z"
"spotify:track:3APdIdF8H0jsxSuGOqXedS","Kabhi Kabhi Aditi","spotify:artist:281Vp9LDrWkHMHQzfQHWCt","Rashid Ali","spotify:album:7J5iE51Mk97Mf0BjjwYXUZ","Jaane Tu... Ya Jaane Na","spotify:artist:1mYsTxnqsietFxj1OgoGbG","A.R. Rahman","2008-05-21","https://i.scdn.co/image/ab67616d0000b273abf91851997179d195afab5f","1","1","218836","https://p.scdn.co/mp3-preview/e8ccd67bd9e47ca90f56c2eb3a29df84b8f925a1?cid=9950ac751e34487dbbe027c4fd7f8e99","false","72","INS180804909","spotify:user:31gkiwlwrhrkyha5xza67tm75kye","2026-04-13T17:53:51Z"
"spotify:track:1As2Jo89VTF9V3D6GuOPr9","Mann Mera - Original Version","spotify:artist:1yzgJmZf5CxtFfGfRFm4Si","Gajendra Verma","spotify:album:3KR9QiP7RuCpAhXwFOE9vR","Mann Mera (Original Version)","spotify:artist:1yzgJmZf5CxtFfGfRFm4Si","Gajendra Verma","2025-05-09","https://i.scdn.co/image/ab67616d0000b2730be94602b5b22cbe139a366b","1","1","228000","https://p.scdn.co/mp3-preview/8528712680fe81dd281d672ed34b3bdc5c8ce133?cid=9950ac751e34487dbbe027c4fd7f8e99","false","79","INS172501376","spotify:user:31gkiwlwrhrkyha5xza67tm75kye","2026-04-13T17:53:51Z"
"spotify:track:1rRlOm9tzkmpol1Pza4cRv","Ievan Polkka (Progressive Dance Remix)","spotify:artist:7vHRBIS1zKstKe1E4JKqp0","JDneX","spotify:album:4PasGmWVWRLrNuXS9muFHA","Ievan Polkka (Progressive Dance Remix)","spotify:artist:7vHRBIS1zKstKe1E4JKqp0","JDneX","2016-12-01","https://i.scdn.co/image/ab67616d0000b2734755b6a6aceb5fa216da7c0a","1","1","263134","https://p.scdn.co/mp3-preview/80f6aa1c123b042bf7c48807d43a5bf7dde8fd8b?cid=9950ac751e34487dbbe027c4fd7f8e99","false","0","RUA1H1642047","spotify:user:31gkiwlwrhrkyha5xza67tm75kye","2026-04-13T17:53:51Z"
"spotify:track:7mLWNwcvwRdEviz6SfYp8A","GigaChad Theme - Phonk House Version","spotify:artist:0Zw2ivPEDptvMHwCXjhdRs","g3ox_em","spotify:album:6XMRvZrrp6KDqYO4tDutwr","GigaChad Theme (Phonk House Version)","spotify:artist:0Zw2ivPEDptvMHwCXjhdRs","g3ox_em","2022-08-22","https://i.scdn.co/image/ab67616d0000b273ddff87d44e3d726372ef7f56","1","1","146274","https://p.scdn.co/mp3-preview/6570e81d4c63389444b4cd049c5e4a5fcf7913d8?cid=9950ac751e34487dbbe027c4fd7f8e99","false","69","QZNWS2230712","spotify:user:31gkiwlwrhrkyha5xza67tm75kye","2026-04-13T17:53:51Z"
"spotify:track:7CBN7Kwx1g8SBJZyUbhHc6","Rush E","spotify:artist:3637OEmwj1q0HinT4YIx5f","Sheet Music Boss","spotify:album:4PXhJymii1eGf3O88pmZ9o","Rush Collection","spotify:artist:3637OEmwj1q0HinT4YIx5f","Sheet Music Boss","2020-12-23","https://i.scdn.co/image/ab67616d0000b273f93da49fb50947a8953cd1df","1","5","144168","https://p.scdn.co/mp3-preview/79100a30f8ca7041b20fdd7b4fd31c4f70623e60?cid=9950ac751e34487dbbe027c4fd7f8e99","false","59","QZPLR2056958","spotify:user:31gkiwlwrhrkyha5xza67tm75kye","2026-04-13T17:53:51Z"
"spotify:track:0qOnSQQF0yzuPWsXrQ9paz","Stereo Hearts (feat. Adam Levine)","spotify:artist:4IJczjB0fJ04gs4uvP0Fli, spotify:artist:4bYPcJP5jwMhSivRcqie2n","Gym Class Heroes, Adam Levine","spotify:album:2mumCpGmuE9iDeOvMx6XrB","The Papercut Chronicles II","spotify:artist:4IJczjB0fJ04gs4uvP0Fli","Gym Class Heroes","2011-11-11","https://i.scdn.co/image/ab67616d0000b27318b8088fe0c3dbf78398b55a","1","4","210960","https://p.scdn.co/mp3-preview/a62b535109dff39bdcc859c6fd2160e927d4b1c9?cid=9950ac751e34487dbbe027c4fd7f8e99","false","86","USAT21101071","spotify:user:31gkiwlwrhrkyha5xza67tm75kye","2026-04-13T17:53:51Z"
"spotify:track:66pWxtaxTV8CxcGOvivZeT","Luminary","spotify:artist:4WC54JUV6ewZOuz8Cl2Cym","Joel Sunny","spotify:album:1Rp6be6Sf31WO6tNZY3eR9","Luminary","spotify:artist:4WC54JUV6ewZOuz8Cl2Cym","Joel Sunny","2023-08-31","https://i.scdn.co/image/ab67616d0000b2731fbd296b5f1a4d113d45461a","1","1","189000","","false","4","AUGBT2300497","spotify:user:31gkiwlwrhrkyha5xza67tm75kye","2026-04-13T17:53:51Z"
"spotify:track:5jkFvD4UJrmdoezzT1FRoP","Rasputin","spotify:artist:54R6Y0I7jGUCveDTtI21nb","Boney M.","spotify:album:0txzXbDfTn3vAdx77iCaXd","Nightflight to Venus","spotify:artist:54R6Y0I7jGUCveDTtI21nb","Boney M.","1978","https://i.scdn.co/image/ab67616d0000b2739e77d65619f80436b5cc9d12","1","2","351573","https://p.scdn.co/mp3-preview/f6d6eb8dabae0e8fa8aa7f93743bc2067daac97c?cid=9950ac751e34487dbbe027c4fd7f8e99","false","69","DED167800008","spotify:user:31gkiwlwrhrkyha5xza67tm75kye","2026-04-13T17:53:51Z"
"spotify:track:5hL2t5WyC9bibNDVkhVvDx","NEXT!","spotify:artist:6BWtcMF39LT5Db5FT54YYG","NCTS","spotify:album:1k9oQsBjwIhc4vF32zxvY5","NEXT!","spotify:artist:6BWtcMF39LT5Db5FT54YYG","NCTS","2024-06-07","https://i.scdn.co/image/ab67616d0000b273ecb8455c697c79e12445b4a0","1","1","99692","https://p.scdn.co/mp3-preview/876e01d2c8607e58d09edf6791ef87d2b3e247e6?cid=9950ac751e34487dbbe027c4fd7f8e99","false","76","CA5KR2464638","spotify:user:31gkiwlwrhrkyha5xza67tm75kye","2026-04-13T17:53:51Z"
"spotify:track:2aEuA8PSqLa17Y4hKPj5rr","Cheri Cheri Lady","spotify:artist:79bxUQsBIXO8nVLB9fYKf7","Modern Talking","spotify:album:1JDlLoZugxdneiaTnGyaKr","Let's Talk About Love","spotify:artist:79bxUQsBIXO8nVLB9fYKf7","Modern Talking","1985","https://i.scdn.co/image/ab67616d0000b273aedd9728f5cc4b13ee49e061","1","1","226333","https://p.scdn.co/mp3-preview/f62892f987c395c6bc44892ce8f415ab27c7a61e?cid=9950ac751e34487dbbe027c4fd7f8e99","false","83","DEC738500001","spotify:user:31gkiwlwrhrkyha5xza67tm75kye","2026-04-13T17:53:51Z"
"spotify:track:3MnAsEBBsEj86d03RgO4EM","Fairytale","spotify:artist:3LLNDXrxL4uxXtnUJS5XWM","Alexander Rybak","spotify:album:6EWWmTEOXI58PL13vNk67S","Fairytale","spotify:artist:3LLNDXrxL4uxXtnUJS5XWM","Alexander Rybak","2009-01-12","https://i.scdn.co/image/ab67616d0000b27349a39e0e4102b862ccee0fb0","1","1","182600","https://p.scdn.co/mp3-preview/f491c681051d9fd5d39329817d197ae67b3e969e?cid=9950ac751e34487dbbe027c4fd7f8e99","false","74","NO23B0900001","spotify:user:31gkiwlwrhrkyha5xza67tm75kye","2026-04-13T17:53:51Z"
"spotify:track:723xQva0yBF7M6K3nDAG8R","Sooraj Ki Baahon Mein","spotify:artist:2DwWEmeVaWxwkjbnyPlNZT, spotify:artist:2j9QVMZlqIj4Cb9UISBrXK, spotify:artist:1KIKn2xA1mgC7uJTcS1hEU","Dominique Cerejo, Clinton Cerejo, Loy Mendonsa","spotify:album:6Baavsh6HfNka1IyvPrr24","Zindagi Na Milegi Dobara","spotify:artist:0L5GV6LN8SWWUWIdBbTLTZ","Shankar-Ehsaan-Loy","2011-06-06","https://i.scdn.co/image/ab67616d0000b2730acb5a72549287bf33b51b71","1","10","202919","https://p.scdn.co/mp3-preview/87e039f209a542235a87abced2a22dc821cb2f00?cid=9950ac751e34487dbbe027c4fd7f8e99","false","64","INS181101720","spotify:user:31gkiwlwrhrkyha5xza67tm75kye","2026-04-13T17:53:51Z"
"spotify:track:6k3XXCE1ZzwevQlxf8dNaw","Love You Zindagi","spotify:artist:7HCqGPJcQTyGJ2yqntbuyr, spotify:artist:74OaRjmyh0XyRZsQQQ5l7c, spotify:artist:3GBSge8pq7mpezUQl0GAOA","Amit Trivedi, Jasleen Royal, Kausar Munir","spotify:album:29njH6pDF6JE65D2VJbAxW","Dear Zindagi (Original Motion Picture Soundtrack)","spotify:artist:7HCqGPJcQTyGJ2yqntbuyr, spotify:artist:3m49WVMU4zCkaVEKb8kFW7","Amit Trivedi, Ilaiyaraaja","2016-11-15","https://i.scdn.co/image/ab67616d0000b273fcf31503544ab70a339ea2fe","1","1","232496","https://p.scdn.co/mp3-preview/70f9c0cfb15198abdfc3d4384ecf5855e4bd4622?cid=9950ac751e34487dbbe027c4fd7f8e99","false","64","INS171602536","spotify:user:31gkiwlwrhrkyha5xza67tm75kye","2026-04-13T17:53:51Z"
"spotify:track:1dxbiVeiV7nQ2V9qXnhJiB","Buddhu Sa Mann","spotify:artist:76fuWYgIf3TVIopTs3vaJ6, spotify:artist:4IKVDbCSBTxBeAsMKjAuTs, spotify:artist:1Z3KE3Fs3qg13YsXPCGzKj","Amaal Mallik, Armaan Malik, Abhiruchi Chand","spotify:album:1teNu8WgSFQyNncvswvbAL","Kapoor & Sons (Since 1921) (Original Motion Picture Soundtrack)","spotify:artist:76fuWYgIf3TVIopTs3vaJ6, spotify:artist:4f7KfxeHq9BiylGmyXepGt, spotify:artist:0y59o4v8uw5crbN9M3JiL1","Amaal Mallik, Tanishk Bagchi, Badshah","2016-03-04","https://i.scdn.co/image/ab67616d0000b27321c2eda68f386c438ba2f1aa","1","3","206858","https://p.scdn.co/mp3-preview/60d2b4b6afdb28adefb12e9fef29c3a44421427c?cid=9950ac751e34487dbbe027c4fd7f8e99","false","62","INS171600299","spotify:user:31gkiwlwrhrkyha5xza67tm75kye","2026-04-13T17:53:51Z"
"spotify:track:0Jiaz0O4AqnJICa9PxHhaR","Mahiye Jinna Sohna","spotify:artist:2GoeZ0qOTt6kjsWW4eA6LS","Darshan Raval","spotify:album:0YzF0ImdBeODiCWejSDndM","Dard","spotify:artist:2GoeZ0qOTt6kjsWW4eA6LS","Darshan Raval","2023-08-09","https://i.scdn.co/image/ab67616d0000b2734e340df37b8ff61f0ff37758","1","1","181250","https://p.scdn.co/mp3-preview/250f97c75a55a67aae34e068ab1dc9418d4eeb19?cid=9950ac751e34487dbbe027c4fd7f8e99","false","66","INW262317735","spotify:user:31gkiwlwrhrkyha5xza67tm75kye","2026-04-13T17:53:51Z"
"spotify:track:4sTlQPMyoFMPdhAJvErBN3","PASSO BEM SOLTO - Slowed","spotify:artist:5SCDfg1YoEfI5gFtXqEWah","ATLXS","spotify:album:0I7096R74VFP2xnMmp33sY","PASSO BEM SOLTO","spotify:artist:5SCDfg1YoEfI5gFtXqEWah","ATLXS","2024-04-23","https://i.scdn.co/image/ab67616d0000b27336385e0fad3c87e8e8f19071","1","3","116072","https://p.scdn.co/mp3-preview/a7eb69d5d22efe9dc6305e367131861c15ad0741?cid=9950ac751e34487dbbe027c4fd7f8e99","false","83","AUMEV2448907","spotify:user:31gkiwlwrhrkyha5xza67tm75kye","2026-04-13T17:53:51Z"
"spotify:track:4BTPzhEsyW3blWcxcuhLM0","Mitwa","spotify:artist:0L5GV6LN8SWWUWIdBbTLTZ, spotify:artist:1SJOL9HJ08YOn92lFcYf8a, spotify:artist:2Yf4MRVpt0rcAd5y5h5ph1, spotify:artist:5SuRAj1A9FEHj5NxS86YAm","Shankar-Ehsaan-Loy, Shankar Mahadevan, Caralisa Monteiro, Shafqat Amanat Ali","spotify:album:4hYTERVUXY74XJdm8tyXBV","Kabhi Alvida Naa Kehna (Original Motion Picture Soundtrack)","spotify:artist:0L5GV6LN8SWWUWIdBbTLTZ","Shankar-Ehsaan-Loy","2006-06-08","https://i.scdn.co/image/ab67616d0000b273afbf50bfb7b032b69deabade","1","2","382973","https://p.scdn.co/mp3-preview/e442d67a69e9d44b03a47e6d568393af7b249832?cid=9950ac751e34487dbbe027c4fd7f8e99","false","76","INS170600224","spotify:user:31gkiwlwrhrkyha5xza67tm75kye","2026-04-13T17:53:51Z"
"spotify:track:7yCF65vpc7sUwPjftI0iFb","Happy Nation","spotify:artist:5ksRONqssB7BR161NTtJAm","Ace of Base","spotify:album:6cpOIdpPfGaazHsh5eYz0k","Happy Nation","spotify:artist:5ksRONqssB7BR161NTtJAm","Ace of Base","1992-11-16","https://i.scdn.co/image/ab67616d0000b273b8e072ca95df6dc435b1484f","1","4","255413","https://p.scdn.co/mp3-preview/cb305ced36ceac1cae575c03f7d371f5dc030002?cid=9950ac751e34487dbbe027c4fd7f8e99","false","78","SEVJH0803407","spotify:user:31gkiwlwrhrkyha5xza67tm75kye","2026-04-13T17:53:51Z"
"spotify:track:4SrVkrpAyykhbVnATbfvPV","Dhadak - Title Track","spotify:artist:0vkpFzbSTmwPuGGnhsblFI, spotify:artist:0oOet2f43PA68X5RxKobEy","Ajay Gogavale, Shreya Ghoshal","spotify:album:5ft8PMmwkMtZon38iyN8bA","Dhadak (Original Motion Picture Soundtrack)","spotify:artist:5fvTHKKzW44A9867nPDocM","Ajay-Atul","2018-07-11","https://i.scdn.co/image/ab67616d0000b273757a24699f13a78d2d207aa8","1","1","243484","","false","70","INZ031403644","spotify:user:31gkiwlwrhrkyha5xza67tm75kye","2026-04-13T17:53:51Z"
"spotify:track:0kYBzFJ5a2Jozi6cI4y9Bp","Jo Tere Sang","spotify:artist:2kkQthS9OLpK4UqNWYqoVl, spotify:artist:71oGOxg5ez52Hh1Ye41A98, spotify:artist:2pGRniGOJSOvYoK3dGaBb8","Jeet Gannguli, Mustafa Zahid, Sayeed Quadri","spotify:album:5K0rFYotIyeCXpmNVzWpfn","Blood Money (Original Motion Picture Soundtrack)","spotify:artist:2kkQthS9OLpK4UqNWYqoVl, spotify:artist:4RnBspN4LbLQPAiKuSvOdV, spotify:artist:58L9DePlTLE2D1I9Ohvs63","Jeet Gannguli, Sangeet & Siddharth, Pranaay","2012-02-14","https://i.scdn.co/image/ab67616d0000b2730ccca2f49bcdac5491e47b1a","1","4","306173","https://p.scdn.co/mp3-preview/dc5bf69a9ea7a5b6ac2b36e268406adb9e395d0d?cid=9950ac751e34487dbbe027c4fd7f8e99","false","77","INS171200122","spotify:user:31gkiwlwrhrkyha5xza67tm75kye","2026-04-13T17:53:51Z"
"spotify:track:65n5sVVtEpBDmMWLlLW0Hr","Lite Flow","spotify:artist:2gaVmhUcSMY95jkGjK5k1c","Subodh Su2","spotify:album:2audzOTy8tzOA94Tr5r0oB","Lite Flow","spotify:artist:2gaVmhUcSMY95jkGjK5k1c","Subodh Su2","2025-01-08","https://i.scdn.co/image/ab67616d0000b27385038dfcab34e062e7e5fc37","1","1","210520","https://p.scdn.co/mp3-preview/dedf8bb27e1fdc195ce7dc2f44f9e8475d72b52a?cid=9950ac751e34487dbbe027c4fd7f8e99","false","33","GXF9Q2570060","spotify:user:31gkiwlwrhrkyha5xza67tm75kye","2026-04-13T17:53:51Z"
"spotify:track:4xdxHhXHuv3fd9JqWD31kT","S'Hab Music - Remix","spotify:artist:3elGJmjs2B8neAS8asJWjF, spotify:artist:7EIEvxpeoLo0qpHFpSrxOr","N'gaous, RANDALL","spotify:album:4N3HHOQkNSMq9oACJDqAKP","S'Hab N'gaous","spotify:artist:3elGJmjs2B8neAS8asJWjF","N'gaous","2019-10-15","https://i.scdn.co/image/ab67616d0000b273e7eb18ed841aac83e93c4bcd","1","2","148741","https://p.scdn.co/mp3-preview/3d5c6be7eb61653afa0bcf3ba2dd57c5d6f1a507?cid=9950ac751e34487dbbe027c4fd7f8e99","false","41","QMEZE1969024","spotify:user:31gkiwlwrhrkyha5xza67tm75kye","2026-04-13T17:53:51Z"
"spotify:track:3ygfdwvBJ2Y5XhJiiHFFZE","Maiyya Mainu","spotify:artist:6WOdPJmexxFINcKMkP2jMG, spotify:artist:5DJ2ZMr3PC7eTtYAZLOP4n","Sachet Tandon, Shellee","spotify:album:1FrTddcjO9PzPaJX7SkQEC","Jersey (Original Motion Picture Soundtrack)","spotify:artist:1SyKki7JI1AZNKwgNMkn25","Sachet-Parampara","2022-04-26","https://i.scdn.co/image/ab67616d0000b273cce734a98bcb8670fd0db8de","1","2","231575","","false","72","INZ031410016","spotify:user:31gkiwlwrhrkyha5xza67tm75kye","2026-04-13T17:53:51Z"
"spotify:track:0fCQRUbk8LIQTdQYGNtGyv","Tere Liye","spotify:artist:2oSONSC9zQ4UonDKnLqksx, spotify:artist:0oOet2f43PA68X5RxKobEy, spotify:artist:34R6DQd8ErBy1xyOyMHFrq, spotify:artist:5sifufajls8Q6k04Y4F8mH","Atif Aslam, Shreya Ghoshal, Sachin Gupta, Sameer Anjaan","spotify:album:3dBoJQnc1D888ePFSopdrO","Prince (Original Motion Picture Soundtrack)","spotify:artist:34R6DQd8ErBy1xyOyMHFrq, spotify:artist:5sifufajls8Q6k04Y4F8mH","Sachin Gupta, Sameer Anjaan","2010-04-09","https://i.scdn.co/image/ab67616d0000b273b50d0200230989522e61dd4f","1","13","279826","https://p.scdn.co/mp3-preview/d493a9aed3434ec73a3c68fc79ff667843ecd0c3?cid=9950ac751e34487dbbe027c4fd7f8e99","false","75","INT101000002","spotify:user:31gkiwlwrhrkyha5xza67tm75kye","2026-04-13T17:53:51Z"
"spotify:track:2plbrEY59IikOBgBGLjaoe","Die With A Smile","spotify:artist:1HY2Jd0NmPuamShAr6KMms, spotify:artist:0du5cEVh5yTK9QJze8zA0C","Lady Gaga, Bruno Mars","spotify:album:10FLjwfpbxLmW8c25Xyc2N","Die With A Smile","spotify:artist:1HY2Jd0NmPuamShAr6KMms, spotify:artist:0du5cEVh5yTK9QJze8zA0C","Lady Gaga, Bruno Mars","2024-08-16","https://i.scdn.co/image/ab67616d0000b27382ea2e9e1858aa012c57cd45","1","1","251667","","false","92","USUM72409273","spotify:user:31gkiwlwrhrkyha5xza67tm75kye","2026-04-13T17:53:51Z"
"spotify:track:65uoaqX5qcjXZRheAj1qQT","Dernière danse","spotify:artist:0FEJqmeLRzsXj8hgcZaAyB","Indila","spotify:album:1r7XjAgjwlakmXC2GbPXjH","Mini World","spotify:artist:0FEJqmeLRzsXj8hgcZaAyB","Indila","2014-01-01","https://i.scdn.co/image/ab67616d0000b2734ae8ff731c49965bf2083405","1","1","213493","","false","83","FRUM71301049","spotify:user:31gkiwlwrhrkyha5xza67tm75kye","2026-04-13T17:53:51Z"
"spotify:track:5VZZgWHZP7yHQIQvwSNJnV","Derniere Danse","spotify:artist:7eWDEZkqrYIMsHGgCC51Qa","Trippy Music","spotify:album:3a4BWHz4y37AeCjjc93ZaX","Derniere Danse","spotify:artist:7eWDEZkqrYIMsHGgCC51Qa","Trippy Music","2021-07-20","https://i.scdn.co/image/ab67616d0000b273524409cb07499e0011b141de","1","1","159768","https://p.scdn.co/mp3-preview/d6ec811757c1172bac049d8999cc07e65110354f?cid=9950ac751e34487dbbe027c4fd7f8e99","false","30","QMFME2147255","spotify:user:31gkiwlwrhrkyha5xza67tm75kye","2026-04-13T17:53:51Z"
"spotify:track:4GCfdrH7k3AwbK9uREy3oX","Dernière danse","spotify:artist:0FEJqmeLRzsXj8hgcZaAyB","Indila","spotify:album:67py9Fs3X4K451QuO5eCLI","Mini World (Deluxe)","spotify:artist:0FEJqmeLRzsXj8hgcZaAyB","Indila","2014-11-17","https://i.scdn.co/image/ab67616d0000b273eb5b8d192f9b4dfc67e4834d","1","1","213493","","false","53","FRUM71301049","spotify:user:31gkiwlwrhrkyha5xza67tm75kye","2026-04-13T17:53:51Z"
"spotify:track:0ct6r3EGTcMLPtrXHDvVjc","The Nights","spotify:artist:1vCWHaC5f2uS3yhpwWbIA6","Avicii","spotify:album:0h2knr6qpiAq0tV5ri5JMF","The Days / Nights","spotify:artist:1vCWHaC5f2uS3yhpwWbIA6","Avicii","2014-01-01","https://i.scdn.co/image/ab67616d0000b2730ae4f4d42e4a09f3a29f64ad","1","2","176658","","false","86","CH3131340464","spotify:user:31gkiwlwrhrkyha5xza67tm75kye","2026-04-13T17:53:51Z"
"spotify:track:3LlmKSHR3Rs0Y3KHQLAYDk","Alone","spotify:artist:7vk5e3vY1uw9plTHJAMwjN","Alan Walker","spotify:album:3nzuGtN3nXARvvecier4K0","Different World","spotify:artist:7vk5e3vY1uw9plTHJAMwjN","Alan Walker","2018-12-14","https://i.scdn.co/image/ab67616d0000b273a108e07c661f9fc54de9c43a","1","12","160426","https://p.scdn.co/mp3-preview/ab66780b7a2f22456185bfa811515eaef4f7254c?cid=9950ac751e34487dbbe027c4fd7f8e99","false","78","NOG841617010","spotify:user:31gkiwlwrhrkyha5xza67tm75kye","2026-04-13T17:53:51Z"
"spotify:track:5HCyWlXZPP0y6Gqq8TgA20","STAY (with Justin Bieber)","spotify:artist:2tIP7SsRs7vjIcLrU85W8J, spotify:artist:1uNFoZAHBGtllmzznpCI3s","The Kid LAROI, Justin Bieber","spotify:album:4QLAtpLNUsHEYrcHXmMIZZ","STAY (with Justin Bieber)","spotify:artist:2tIP7SsRs7vjIcLrU85W8J, spotify:artist:1uNFoZAHBGtllmzznpCI3s","The Kid LAROI, Justin Bieber","2021-07-09","https://i.scdn.co/image/ab67616d0000b273aed1660585c1e3c9ffb50b6a","1","1","141805","https://p.scdn.co/mp3-preview/cff7190e22f2b5015d2fbda4a53490dad87a692a?cid=9950ac751e34487dbbe027c4fd7f8e99","true","82","USSM12103949","spotify:user:31gkiwlwrhrkyha5xza67tm75kye","2026-04-13T17:53:51Z"
"spotify:track:0T5iIrXA4p5GsubkhuBIKV","Until I Found You","spotify:artist:5XKFrudbV4IiuE5WuTPRmT","Stephen Sanchez","spotify:album:18CtLoAMTr7F8ngtuM6D8i","Until I Found You","spotify:artist:5XKFrudbV4IiuE5WuTPRmT","Stephen Sanchez","2021-09-01","https://i.scdn.co/image/ab67616d0000b2738792c3e96f8ab97a767c5d0c","1","1","177720","","false","80","USUG12103651","spotify:user:31gkiwlwrhrkyha5xza67tm75kye","2026-04-13T17:53:51Z"
"spotify:track:76OGwb5RA9h4FxQPT33ekc","SNAP","spotify:artist:46xBNx0j6cwY6sD9LgMTm1","Rosa Linn","spotify:album:4fb1QzgTJpTk9TBjFzjmlR","SNAP","spotify:artist:46xBNx0j6cwY6sD9LgMTm1","Rosa Linn","2022-03-19","https://i.scdn.co/image/ab67616d0000b2731391b1fdb63da53e5b112224","1","1","179551","https://p.scdn.co/mp3-preview/dae85bb4c85c56d4e7e3d067f66c58b3f2419028?cid=9950ac751e34487dbbe027c4fd7f8e99","false","11","USSM12207342","spotify:user:31gkiwlwrhrkyha5xza67tm75kye","2026-04-13T17:53:51Z"
"spotify:track:0b18g3G5spr4ZCkz7Y6Q0Q","Rasputin","spotify:artist:6QMABvTzixnxzsLYyhqRxI, spotify:artist:54R6Y0I7jGUCveDTtI21nb","Majestic, Boney M.","spotify:album:6PzYuR9c0CYCPJTnqylPhd","Rasputin","spotify:artist:6QMABvTzixnxzsLYyhqRxI, spotify:artist:54R6Y0I7jGUCveDTtI21nb","Majestic, Boney M.","2021-02-26","https://i.scdn.co/image/ab67616d0000b273f05cf0af79d057704dc994f4","1","1","186209","https://p.scdn.co/mp3-preview/ad54133fba3671bed149315a15c410a52569f42b?cid=9950ac751e34487dbbe027c4fd7f8e99","false","82","DEE862100256","spotify:user:31gkiwlwrhrkyha5xza67tm75kye","2026-04-13T17:53:51Z"
"spotify:track:1Xi84slp6FryDSCbzq4UCD","Arcade","spotify:artist:3klZnJvYGIbWritVwQD434","Duncan Laurence","spotify:album:7BISGeB7QwhqRIadxuLHfG","Arcade","spotify:artist:3klZnJvYGIbWritVwQD434","Duncan Laurence","2019-03-07","https://i.scdn.co/image/ab67616d0000b273a954408e456d4d9d410f448b","1","1","183624","","false","77","NL1TK1900001","spotify:user:31gkiwlwrhrkyha5xza67tm75kye","2026-04-13T17:53:51Z"
"spotify:track:2qxmye6gAegTMjLKEBoR3d","Let Me Down Slowly","spotify:artist:5IH6FPUwQTxPSXurCrcIov","Alec Benjamin","spotify:album:6jKZplJpy21R5lHaYHHjmZ","Narrated For You","spotify:artist:5IH6FPUwQTxPSXurCrcIov","Alec Benjamin","2018-11-16","https://i.scdn.co/image/ab67616d0000b273459d675aa0b6f3b211357370","1","4","169353","https://p.scdn.co/mp3-preview/19007111a4e21096bcefef77842d7179f0cdf12a?cid=9950ac751e34487dbbe027c4fd7f8e99","false","84","USAT21802284","spotify:user:31gkiwlwrhrkyha5xza67tm75kye","2026-04-13T17:53:51Z"
"spotify:track:3Wrjm47oTz2sjIgck11l5e","Beggin'","spotify:artist:0lAWpj5szCSwM4rUMHYmrr","Måneskin","spotify:album:2qJw6w5XwQO0PQlSWPu7Tw","Chosen","spotify:artist:0lAWpj5szCSwM4rUMHYmrr","Måneskin","2017-12-08","https://i.scdn.co/image/ab67616d0000b273fa0ab3a28b5c52d8a5f97045","1","4","211560","https://p.scdn.co/mp3-preview/39cd7cd4317a9e4c4fa1277a51eeadb2e300c7de?cid=9950ac751e34487dbbe027c4fd7f8e99","false","87","ITB001700846","spotify:user:31gkiwlwrhrkyha5xza67tm75kye","2026-04-13T17:53:51Z"
"spotify:track:1SOClUWhOi8vHZYMz3GluK","Infinity","spotify:artist:6QrQ7OrISRYIfS5mtacaw2","Jaymes Young","spotify:album:6MuWCR3WPjwyKhqsTKLZ3z","Feel Something","spotify:artist:6QrQ7OrISRYIfS5mtacaw2","Jaymes Young","2017-06-23","https://i.scdn.co/image/ab67616d0000b273a9897f65d1ead1be10a51e3f","1","12","237720","https://p.scdn.co/mp3-preview/2b30f2512af94d45733f5535ac48caa3b541c7f1?cid=9950ac751e34487dbbe027c4fd7f8e99","false","81","USAT21700859","spotify:user:31gkiwlwrhrkyha5xza67tm75kye","2026-04-13T17:53:51Z"
"spotify:track:01DMYNJJh0sVdTHdAegMDv","Roll with the Wind","spotify:artist:3LLNDXrxL4uxXtnUJS5XWM","Alexander Rybak","spotify:album:7k1b8wzjRsSTmIBuRlBrxp","Fairytales","spotify:artist:3LLNDXrxL4uxXtnUJS5XWM","Alexander Rybak","2009-05-29","https://i.scdn.co/image/ab67616d0000b2732e1c6382b5cb1571270aad83","1","1","214840","https://p.scdn.co/mp3-preview/f9944a3d8f0b56ac21b50eb290ec2b23d5a77223?cid=9950ac751e34487dbbe027c4fd7f8e99","false","45","NO23B0900002","spotify:user:31gkiwlwrhrkyha5xza67tm75kye","2026-04-13T17:53:51Z"
"spotify:track:0XF0D8HL9gk2sr9tlFOee3","Dil Mere","spotify:artist:7b6Ui7JVaBDEfZB9k6nHL0","The Local Train","spotify:album:5xOkxpVDHdpWkI9mNfYXab","Aalas Ka Pedh","spotify:artist:7b6Ui7JVaBDEfZB9k6nHL0","The Local Train","2015-09-25","https://i.scdn.co/image/ab67616d0000b2738e001d2d4b55039b545d047e","1","7","211290","https://p.scdn.co/mp3-preview/c8b36eced4c8417bdca85d5aa8ed51ffb9dc6f8e?cid=9950ac751e34487dbbe027c4fd7f8e99","false","62","INO131301175","spotify:user:31gkiwlwrhrkyha5xza67tm75kye","2026-04-13T17:53:51Z"
"spotify:track:3n2P3ipLt5mPFVaM0fJHNR","Wrap Me In Plastic - Marcus Layton Radio Edit","spotify:artist:0fEj1fYIQwWj1bzzAto9rp, spotify:artist:6JzWgxi0nFzcHq7cqpGbiz","CHROMANCE, Marcus Layton","spotify:album:1Yd5M9rC3ZIzEeafojwAJ2","Wrap Me In Plastic (Marcus Layton Radio Edit)","spotify:artist:0fEj1fYIQwWj1bzzAto9rp, spotify:artist:6JzWgxi0nFzcHq7cqpGbiz","CHROMANCE, Marcus Layton","2019-11-15","https://i.scdn.co/image/ab67616d0000b2734c4f6b75fc59c71c869683bc","1","1","192381","https://p.scdn.co/mp3-preview/432db8409b9529754b8df7dcd328f8cd1e4d2f56?cid=9950ac751e34487dbbe027c4fd7f8e99","false","62","DEE861904185","spotify:user:31gkiwlwrhrkyha5xza67tm75kye","2026-04-13T17:53:51Z"
"spotify:track:1ny0kgUklOy5FUigvWWK0q","Ievan Polkka - Remastered 2024","spotify:artist:6pNgnvzBa6Bthsv8SrZJYl, spotify:artist:5LZTaArcRE25MWbFqBMnDj","Hatsune Miku, Otomania","spotify:album:2I7Uqszpd6MLkzdlbKLsra","Ievan Polkka (Remastered 2024)","spotify:artist:6pNgnvzBa6Bthsv8SrZJYl, spotify:artist:5LZTaArcRE25MWbFqBMnDj","Hatsune Miku, Otomania","2007-05-04","https://i.scdn.co/image/ab67616d0000b273e13d90852f623f07599d22b5","1","1","152462","https://p.scdn.co/mp3-preview/d5b04f2e29c2c1a0b3ffe9f7629c48d3111d35e6?cid=9950ac751e34487dbbe027c4fd7f8e99","false","62","QZTRX2409094","spotify:user:31gkiwlwrhrkyha5xza67tm75kye","2026-04-13T17:53:51Z"
"spotify:track:6a9JaoHp5F9lVA7dCjfIHk","Mere Mehboob Qayamat Hogi","spotify:artist:0GF4shudTAFv8ak9eWdd4Y, spotify:artist:3yS84AjNFqhmuJlIXy7sax","Kishore Kumar, Laxmikant–Pyarelal","spotify:album:2U0y4YtALkkFoVOeZUrofO","Classic Revival Ni Sultana Re","spotify:artist:0LyfQWJT6nXafLPZqxe9Of","Various Artists","2000-02-10","https://i.scdn.co/image/ab67616d0000b2737f972b807d9aa62e028f3fbe","1","23","243160","https://p.scdn.co/mp3-preview/d42cf18ecbc26ecdadd87715920b0cd41a04b70d?cid=9950ac751e34487dbbe027c4fd7f8e99","false","61","INH100264810","spotify:user:31gkiwlwrhrkyha5xza67tm75kye","2026-04-13T17:53:51Z"
"spotify:track:4KrCHZiwOdVfRFCvEAiZVX","Badan Pe Sitare","spotify:artist:7o7doCwqft91WC690aglWC","Sanam","spotify:album:7LiKRs7uzdiR5pvwLsq9Ay","Badan Pe Sitare","spotify:artist:7o7doCwqft91WC690aglWC","Sanam","2025-09-02","https://i.scdn.co/image/ab67616d0000b273c391b7bd7b92c5a7c5b8dcd8","1","1","168593","https://p.scdn.co/mp3-preview/1290974039aff33985d913b2fe70a2a625e88eef?cid=9950ac751e34487dbbe027c4fd7f8e99","false","51","INH102505182","spotify:user:31gkiwlwrhrkyha5xza67tm75kye","2026-04-13T17:53:51Z"
"spotify:track:02zPo0Dt0R4TTFY5zLJZnK","Neele Neele Ambar Par - Male Version","spotify:artist:7pWXlTjky0KXWgbdZi9ebq, spotify:artist:0GF4shudTAFv8ak9eWdd4Y","Kalyanji-Anandji, Kishore Kumar","spotify:album:3438iV4EeQYLyaqvT34AMa","Kalaakaar (Original Motion Picture Soundtrack)","spotify:artist:7pWXlTjky0KXWgbdZi9ebq","Kalyanji-Anandji","1983-06-10","https://i.scdn.co/image/ab67616d0000b27302ec3d2efa698e442568f4a4","1","1","322000","https://p.scdn.co/mp3-preview/c51810d0a8019d8c6e40210d49e61deb8bb296f9?cid=9950ac751e34487dbbe027c4fd7f8e99","false","73","INS171600310","spotify:user:31gkiwlwrhrkyha5xza67tm75kye","2026-04-13T17:53:51Z"
"spotify:track:28J2ZaL4mEWrtBWlEzUorz","New Americana","spotify:artist:3ApC3GZFn1VELA00hwZGmL","Eibell","spotify:album:7pLve75i37r25504z47y0P","New Americana","spotify:artist:3ApC3GZFn1VELA00hwZGmL","Eibell","2024-02-07","https://i.scdn.co/image/ab67616d0000b2739960cf224428a41ee5075264","1","1","167428","https://p.scdn.co/mp3-preview/a3db5716c53c09ebf69f653af0595b22f10d5b0f?cid=9950ac751e34487dbbe027c4fd7f8e99","false","50","QZES52395347","spotify:user:31gkiwlwrhrkyha5xza67tm75kye","2026-04-13T17:53:51Z"
"spotify:track:4lsOsGMzO1yCjGVucoWOZ1","Ainsi bas la vida","spotify:artist:0FEJqmeLRzsXj8hgcZaAyB","Indila","spotify:album:67py9Fs3X4K451QuO5eCLI","Mini World (Deluxe)","spotify:artist:0FEJqmeLRzsXj8hgcZaAyB","Indila","2014-11-17","https://i.scdn.co/image/ab67616d0000b273eb5b8d192f9b4dfc67e4834d","1","11","214760","","false","72","FRUM71402811","spotify:user:31gkiwlwrhrkyha5xza67tm75kye","2026-04-13T17:53:51Z"
"spotify:track:3WLJ7D5kh44K5eJ1NqZQ6W","Baarishein","spotify:artist:4gdMJYnopf2nEUcanAwstx","Anuv Jain","spotify:album:2LeZ6oWQed5ewVUpyGJKDh","Baarishein","spotify:artist:4gdMJYnopf2nEUcanAwstx","Anuv Jain","2018-01-12","https://i.scdn.co/image/ab67616d0000b273d8ca783fa570b57e082f4374","1","1","207312","","false","76","TCADK1712757","spotify:user:31gkiwlwrhrkyha5xza67tm75kye","2026-04-13T17:53:51Z"
"spotify:track:0TK2YIli7K1leLovkQiNik","Señorita","spotify:artist:7n2wHs1TKAczGzO7Dd2rGr, spotify:artist:4nDoRrQiYLoBzwC5BhVJzF","Shawn Mendes, Camila Cabello","spotify:album:2ZaX1FdZCwchXl1QZiD4O4","Señorita","spotify:artist:7n2wHs1TKAczGzO7Dd2rGr, spotify:artist:4nDoRrQiYLoBzwC5BhVJzF","Shawn Mendes, Camila Cabello","2019-06-21","https://i.scdn.co/image/ab67616d0000b273e6095c382c2853667c1623eb","1","1","190960","","false","81","USUM71911283","spotify:user:31gkiwlwrhrkyha5xza67tm75kye","2026-04-13T17:53:51Z"
"spotify:track:7d5TUdbJumBuBoaH33jyfo","Ishq Jalakar - Karvaan (From ""Dhurandhar"")","spotify:artist:465OXuCU8YZNmVG1leLwQ9, spotify:artist:4asaIarkMcpkYhSiMn1Ed5, spotify:artist:3biZl77VIJSHTnwBnEZkkd, spotify:artist:68CFADZWUwvJMqkCeqmxMJ, spotify:artist:6Wg3akugFVCH4iYhEKk0GM, spotify:artist:3GdSQUH1BRtl9UrrtuwJlP, spotify:artist:1nLvkKjnfpnouM0Mpyd4cc","Shashwat Sachdev, Shahzad Ali, Subhadeep Das Chowdhury, Armaan Khan, Roshan, Irshad Kamil, Sahir Ludhianvi","spotify:album:13xOJZYU04lZIIHL8OQZEl","Ishq Jalakar - Karvaan (From ""Dhurandhar"")","spotify:artist:465OXuCU8YZNmVG1leLwQ9, spotify:artist:4asaIarkMcpkYhSiMn1Ed5, spotify:artist:3biZl77VIJSHTnwBnEZkkd","Shashwat Sachdev, Shahzad Ali, Subhadeep Das Chowdhury","2025-11-25","https://i.scdn.co/image/ab67616d0000b27338da56c296cd6e1d88144b32","1","1","250860","https://p.scdn.co/mp3-preview/686e798daed510a27580633048b093225aa43a51?cid=9950ac751e34487dbbe027c4fd7f8e99","false","76","INH102506912","spotify:user:31gkiwlwrhrkyha5xza67tm75kye","2026-04-13T17:53:51Z"
"spotify:track:7a53HqqArd4b9NF4XAmlbI","Kings & Queens","spotify:artist:4npEfmQ6YuiwW1GpUmaq3F","Ava Max","spotify:album:26c7MmQ4w8EAvVLb4jilaM","Heaven & Hell","spotify:artist:4npEfmQ6YuiwW1GpUmaq3F","Ava Max","2020-09-18","https://i.scdn.co/image/ab67616d0000b273ea46ceca00d552337e5b8ac2","1","3","162398","https://p.scdn.co/mp3-preview/f90dd05611f7277c66ddfe8899e82f3782fc1806?cid=9950ac751e34487dbbe027c4fd7f8e99","false","84","USAT21906943","spotify:user:31gkiwlwrhrkyha5xza67tm75kye","2026-04-13T17:53:51Z"
"spotify:track:3QspmlfK7myCWJWWl2bywt","Dhurandhar - Title Track (From ""Dhurandhar"")","spotify:artist:465OXuCU8YZNmVG1leLwQ9, spotify:artist:4nVa6XlBFlIkF6msW57PHp, spotify:artist:0mJDQBWytBhOh5JB1DOQ1c, spotify:artist:586UieDtNlK2F8hEMayYbb, spotify:artist:5jI1jiicLnii7yjSbAj9xj, spotify:artist:0Wrp7P9HV2JVEKAzU3tLSD, spotify:artist:2RB4eCNO29DoHWqjLtPAFY, spotify:artist:0CrZKzYlBaQEXqXGNduM4d","Shashwat Sachdev, Hanumankind, Jasmine Sandlas, Sudhir Yaduvanshi, Charanjit Ahuja, Muhammad Sadiq, Ranjit Kaur, Babu Singh Maan","spotify:album:6WN60ZpoljxxwYluAGxvqn","Dhurandhar - Title Track (From ""Dhurandhar"")","spotify:artist:465OXuCU8YZNmVG1leLwQ9, spotify:artist:4nVa6XlBFlIkF6msW57PHp, spotify:artist:0mJDQBWytBhOh5JB1DOQ1c","Shashwat Sachdev, Hanumankind, Jasmine Sandlas","2025-10-15","https://i.scdn.co/image/ab67616d0000b273a501eb791db6baaa2c4deab8","1","1","155590","https://p.scdn.co/mp3-preview/df6114de3747dbfe52e19a4b287ef7c6715a9e28?cid=9950ac751e34487dbbe027c4fd7f8e99","false","78","INH102506206","spotify:user:31gkiwlwrhrkyha5xza67tm75kye","2026-04-13T17:53:51Z"
"spotify:track:0ojpEubhy4JNeVftmVuiN7","Pehla Pyaar","spotify:artist:4IKVDbCSBTxBeAsMKjAuTs, spotify:artist:5wJ1H6ud777odtZl5gG507, spotify:artist:3GdSQUH1BRtl9UrrtuwJlP","Armaan Malik, Vishal Mishra, Irshad Kamil","spotify:album:3uuu6u13U0KeVQsZ3CZKK4","Kabir Singh","spotify:artist:1SyKki7JI1AZNKwgNMkn25, spotify:artist:5wJ1H6ud777odtZl5gG507, spotify:artist:09UmIX92EUH9hAK4bxvHx6","Sachet-Parampara, Vishal Mishra, Mithoon","2019-06-14","https://i.scdn.co/image/ab67616d0000b273c5545f737b16ad5ee767b62a","1","7","272532","https://p.scdn.co/mp3-preview/a866039ebe8bcc844732e46998c63573ac62fc20?cid=9950ac751e34487dbbe027c4fd7f8e99","false","73","INS181903750","spotify:user:31gkiwlwrhrkyha5xza67tm75kye","2026-04-13T17:53:51Z"
"spotify:track:0eLtIxPRNJfsmehITZ1qaJ","Sahiba","spotify:artist:3ozYqVCLohfpXIhalkhM8D","Aditya Rikhari","spotify:album:250nGZusEhq33ZIZYJ7eVb","Sahiba","spotify:artist:3ozYqVCLohfpXIhalkhM8D","Aditya Rikhari","2023-12-19","https://i.scdn.co/image/ab67616d0000b2730a47bbe7141fdfe0eb2cdba7","1","1","190098","https://p.scdn.co/mp3-preview/1fb997be8ec3392d3cef404b7f64a4f5f1347db6?cid=9950ac751e34487dbbe027c4fd7f8e99","false","86","INS182303606","spotify:user:31gkiwlwrhrkyha5xza67tm75kye","2026-04-13T17:53:51Z"
"spotify:track:21kImg7AxLbl7rrciuAwoB","Woh Lamhe Woh Baatein - From ""Zeher""","spotify:artist:2oSONSC9zQ4UonDKnLqksx, spotify:artist:03SZmfKAgYRQKUwy0EoJUa, spotify:artist:09UmIX92EUH9hAK4bxvHx6, spotify:artist:3nFgnEel499wKuPnnSlPs3","Atif Aslam, Roop Kumar Rathod, Mithoon, Naresh Sharma","spotify:album:03hSlhbMJkjeqFjEd22WDa","Zeher (Original Motion Picture Soundtrack)","spotify:artist:0LyfQWJT6nXafLPZqxe9Of","Various Artists","2005-03-25","https://i.scdn.co/image/ab67616d0000b27325055b41603705c1172409da","1","1","320040","","false","68","INH100502936","spotify:user:31gkiwlwrhrkyha5xza67tm75kye","2026-04-13T17:53:51Z"
